category_name,category_url,product_name,price_raw,rating_raw,reviews_raw,product_url,price,reviews_count,rating,value_score,PRICE_USD,popularity_score
Toys Hobbies and Robot,https://www.banggood.com/Wholesale-RC-Vehicles-ca-7007.html?bid=21070102&from=nav,JIABAILE 4301/02/03/04 RTR 1/43 2.4G 4WD Drift RC Car Mini Race LED Light Optional Gyro Radio Control High-Speed Motor On-Road Racing Vehicle Model Boys Gifts Outdoor Toys,US$23.99,4.82,253 reviews,https://www.banggood.com/JIABAILE-4301-or-02-or-03-or-04-RTR-1-or-43-2_4G-4WD-Drift-RC-Car-Mini-Race-LED-Light-Optional-Gyro-Radio-Control-High-Speed-Motor-On-Road-Racing-Vehicle-Model-Boys-Gifts-Outdoor-Toys-p-2017095.html?cur_warehouse=CN&ID=6287830&rmmds=CategoryToysPop&trace_id=14ee1763848600921,23.99,253,4.82,0.200917048770321,23.99,1219.46
Toys Hobbies and Robot,https://www.banggood.com/Wholesale-RC-Vehicles-ca-7007.html?bid=21070102&from=nav,JJRC C8812 RTR 2.4G RC Car Tank High Speed Drift Track Off-Road Truck Full Proportional LED Light 360° Rotate Vehicles Models Toys,US$48.99,4.92,88 reviews,https://www.banggood.com/JJRC-C8812-RTR-2_4G-RC-Car-Tank-High-Speed-Drift-Track-Off-Road-Truck-Full-Proportional-LED-Light-360-Rotate-Vehicles-Models-Toys-p-2018403.html?cur_warehouse=CN&ID=6328111&rmmds=CategoryToysPop&trace_id=14ee1763848600921,48.99,88,4.92,0.10042865890998162,48.99,432.96
Toys Hobbies and Robot,https://www.banggood.com/Wholesale-RC-Vehicles-ca-7007.html?bid=21070102&from=nav,MJX HYPER GO 16208 16209 1/16 Brushless High Speed RC Car Vehicle Models 45km/h,US$93.99,4.85,698 reviews,https://www.banggood.com/MJX-HYPER-GO-16208-16209-1-or-16-Brushless-High-Speed-RC-Car-Vehicle-Models-45km-or-h-p-1967165.html?cur_warehouse=CN&ID=6326710&rmmds=CategoryToysPop&trace_id=14ee1763848600921,93.99,698,4.85,0.05160123417384828,93.99,3385.2999999999997
Toys Hobbies and Robot,https://www.banggood.com/Wholesale-RC-Vehicles-ca-7007.html?bid=21070102&from=nav,THE LINK G2067 RTR 1/16 2.4G RC Car Tank High Speed RIPSAW EV3-F4 Drift Tracked Off-Road Truck Full Proportional LED Light 360° Rotate Vehicles Models Toy,US$50.99,5.0,9 reviews,https://www.banggood.com/THE-LINK-G2067-RTR-1-or-16-2_4G-RC-Car-Tank-High-Speed-RIPSAW-EV3-F4-Drift-Tracked-Off-Road-Truck-Full-Proportional-LED-Light-360-Rotate-Vehicles-Models-Toy-p-2020153.html?cur_warehouse=CN&ID=6287837&rmmds=CategoryToysPop&trace_id=14ee1763848600921,50.99,9,5.0,0.09805844283192783,50.99,45.0
Toys Hobbies and Robot,https://www.banggood.com/Wholesale-RC-Vehicles-ca-7007.html?bid=21070102&from=nav,SG PINECONE FOREST SG686 2.4G 1/72 Rc Boat Powerful Dual Motor Wireless Electric Remote Control Tugboat Model Toys for Boys Gift,US$30.79,4.92,53 reviews,https://www.banggood.com/SG-PINECONE-FOREST-SG686-2_4G-1-or-72-Rc-Boat-Powerful-Dual-Motor-Wireless-Electric-Remote-Control-Tugboat-Model-Toys-for-Boys-Gift-p-2002411.html?cur_warehouse=CN&ID=6287844&rmmds=CategoryToysPop&trace_id=14ee1763848600921,30.79,53,4.92,0.15979214030529393,30.79,260.76
Toys Hobbies and Robot,https://www.banggood.com/Wholesale-RC-Vehicles-ca-7007.html?bid=21070102&from=nav,JJRC Q183 2.4G Tracked RC Car Amphibious Tank Remote Control Climbing Off Road Vehicles Full Proportional Control,US$29.91,4.75,4 reviews,https://www.banggood.com/JJRC-Q183-2_4G-Tracked-RC-Car-Amphibious-Tank-Remote-Control-Climbing-Off-Road-Vehicles-Full-Proportional-Control-p-2017572.html?cur_warehouse=CN&ID=6287843&rmmds=CategoryToysPop&trace_id=14ee1763848600921,29.91,4,4.75,0.15880976262119692,29.91,19.0
Toys Hobbies and Robot,https://www.banggood.com/Wholesale-RC-Vehicles-ca-7007.html?bid=21070102&from=nav,Orlandoo Hunter OH32X02 1/32 RWD Mini Truck RC Car KIT Rear Drive SUV Unassembled DIY Parts Pipe Micro Roll Cage Trophy Movable Off-road Climbing Toys Remote Control Vehicles Models,US$75.59,4.83,42 reviews,https://www.banggood.com/Orlandoo-Hunter-OH32X02-1-or-32-RWD-Mini-Truck-RC-Car-KIT-Rear-Drive-SUV-Unassembled-DIY-Parts-Pipe-Micro-Roll-Cage-Trophy-Movable-Off-road-Climbing-Toys-Remote-Control-Vehicles-Models-p-1989380.html?cur_warehouse=CN&ID=6325625&rmmds=CategoryToysPop&trace_id=14ee1763848600921,75.59,42,4.83,0.06389734091811086,75.59,202.86
Toys Hobbies and Robot,https://www.banggood.com/Wholesale-RC-Vehicles-ca-7007.html?bid=21070102&from=nav,ShenQiWei 3311M 27Mhz/40Mhz Electric Mini RC Submarine Boat RTR Model Toy,US$15.59,4.77,22 reviews,https://www.banggood.com/ShenQiWei-3311M-27Mhz-or-40Mhz-Electric-Mini-RC-Submarine-Boat-RTR-Model-Toy-p-1508619.html?cur_warehouse=CN&ID=3193&rmmds=CategoryToysPop&trace_id=14ee1763848600921,15.59,22,4.77,0.3059653624118024,15.59,104.94
Toys Hobbies and Robot,https://www.banggood.com/Wholesale-RC-Vehicles-ca-7007.html?bid=21070102&from=nav,UDIRC UCX2405 UCX2405 PRO RTR 1/24 2.4G 4WD RC Car Rock Crawler Off-Road Climbing Cage Trail Truck Snow Leopard LED Light Full Proportional Vehicles Models Oil Filled Shocks Toys,US$99.99,4.76,62 reviews,https://www.banggood.com/UDIRC-UCX2405-UCX2405-PRO-RTR-1-or-24-2_4G-4WD-RC-Car-Rock-Crawler-Off-Road-Climbing-Cage-Trail-Truck-Snow-Leopard-LED-Light-Full-Proportional-Vehicles-Models-Oil-Filled-Shocks-Toys-p-2026638.html?cur_warehouse=CN&ID=6330472&rmmds=CategoryToysPop&trace_id=14ee1763848600921,99.99,62,4.76,0.04760476047604761,99.99,295.12
Toys Hobbies and Robot,https://www.banggood.com/Wholesale-RC-Vehicles-ca-7007.html?bid=21070102&from=nav,JJRC C8815 RTR 1/10 2.4G 4WD RC Car Willys Military Truck Off-Road Climbing LED Light Optional Winch Canopy Metal Frame Rock Crawler Full Proportional Vehicles Models Toys,US$52.09,4.77,169 reviews,https://www.banggood.com/JJRC-C8815-RTR-1-or-10-2_4G-4WD-RC-Car-Willys-Military-Truck-Off-Road-Climbing-LED-Light-Optional-Winch-Canopy-Metal-Frame-Rock-Crawler-Full-Proportional-Vehicles-Models-Toys-p-2022291.html?cur_warehouse=CN&ID=6332687&rmmds=CategoryToysPop&trace_id=14ee1763848600921,52.09,169,4.77,0.0915722787483202,52.09,806.1299999999999
Toys Hobbies and Robot,https://www.banggood.com/Wholesale-RC-Vehicles-ca-7007.html?bid=21070102&from=nav,TY XIN 725 2.4G 30km/h RC Boat Jet Speedboat Capsized Reset Waterproof LED Light Remote Control Ship High Speed Vehicles Models,US$46.59,4.81,104 reviews,https://www.banggood.com/TY-XIN-725-2_4G-30km-or-h-RC-Boat-Jet-Speedboat-Capsized-Reset-Waterproof-LED-Light-Remote-Control-Ship-High-Speed-Vehicles-Models-p-1998893.html?cur_warehouse=CN&ID=6287842&rmmds=CategoryToysPop&trace_id=14ee1763848600921,46.59,104,4.81,0.10324103884953852,46.59,500.23999999999995
Toys Hobbies and Robot,https://www.banggood.com/Wholesale-RC-Vehicles-ca-7007.html?bid=21070102&from=nav,TY XIN 686 2.4G 1/72 Rc Boat Powerful Dual Motor Wireless Electric Remote Control Tugboat Model Toys for Boys Gift,US$27.99,4.93,56 reviews,https://www.banggood.com/TY-XIN-686-2_4G-1-or-72-Rc-Boat-Powerful-Dual-Motor-Wireless-Electric-Remote-Control-Tugboat-Model-Toys-for-Boys-Gift-p-1997837.html?cur_warehouse=CN&ID=6287837&rmmds=CategoryToysPop&trace_id=14ee1763848600921,27.99,56,4.93,0.1761343336906038,27.99,276.08
Toys Hobbies and Robot,https://www.banggood.com/Wholesale-RC-Vehicles-ca-7007.html?bid=21070102&from=nav,ENOZE 8601 8602 RTR 1/24 2.4G 4WD 30km/h Drift RC Car GTR High Speed Racing LED Light On-Road Vehicles Models Toys,US$18.99,4.81,48 reviews,https://www.banggood.com/ENOZE-8601-8602-RTR-1-or-24-2_4G-4WD-30km-or-h-Drift-RC-Car-GTR-High-Speed-Racing-LED-Light-On-Road-Vehicles-Models-Toys-p-2020028.html?cur_warehouse=CN&ID=6287830&rmmds=CategoryToysPop&trace_id=14ee1763848600921,18.99,48,4.81,0.253291205897841,18.99,230.88
Toys Hobbies and Robot,https://www.banggood.com/Wholesale-RC-Vehicles-ca-7007.html?bid=21070102&from=nav,TY XIN 768 Brushless RTR 2.4G 30km/h RC Boat Jet Speedboat Water Cooling Waterproof Remote Control Ship High Speed Full Proportional Vehicles Models Toys,US$78.09,4.62,45 reviews,https://www.banggood.com/TY-XIN-768-Brushless-RTR-2_4G-30km-or-h-RC-Boat-Jet-Speedboat-Water-Cooling-Waterproof-Remote-Control-Ship-High-Speed-Full-Proportional-Vehicles-Models-Toys-p-2007140.html?cur_warehouse=CN&ID=6287845&rmmds=CategoryToysPop&trace_id=14ee1763848600921,78.09,45,4.62,0.059162504802151364,78.09,207.9
Toys Hobbies and Robot,https://www.banggood.com/Wholesale-RC-Vehicles-ca-7007.html?bid=21070102&from=nav,Turbo Racing C65 RTR 1/76 2.4G RWD Mini Drift RC Car Built In Gyro Chip Program Metal Counterweights CT04 Chassis Micro Sports Truck LED Lights Full Proportional Vehicles Model Kids Children Toys,US$71.59,4.75,61 reviews,https://www.banggood.com/Turbo-Racing-C65-RTR-1-or-76-2_4G-RWD-Mini-Drift-RC-Car-Built-In-Gyro-Chip-Program-Metal-Counterweights-CT04-Chassis-Micro-Sports-Truck-LED-Lights-Full-Proportional-Vehicles-Model-Kids-Children-Toys-p-2013599.html?cur_warehouse=CN&rmmds=CategoryToysPop&trace_id=14ee1763848600921,71.59,61,4.75,0.06635004888950971,71.59,289.75
Toys Hobbies and Robot,https://www.banggood.com/Wholesale-RC-Vehicles-ca-7007.html?bid=21070102&from=nav,HC 810 RTR 2.4G RC Boat Colorful Paddle Remote Control Rowing LED Lights 360 Driving Dual Modes Waterproof Ship Underwater Balance Vehicles Models Toys,US$15.99,4.78,93 reviews,https://www.banggood.com/HC-810-RTR-2_4G-RC-Boat-Colorful-Paddle-Remote-Control-Rowing-LED-Lights-360-Driving-Dual-Modes-Waterproof-Ship-Underwater-Balance-Vehicles-Models-Toys-p-2008076.html?cur_warehouse=CN&ID=6287832&rmmds=CategoryToysPop&trace_id=14ee1763848600921,15.99,93,4.78,0.2989368355222014,15.99,444.54
Toys Hobbies and Robot,https://www.banggood.com/Wholesale-RC-Vehicles-ca-7007.html?bid=21070102&from=nav,CXD D62 MINI Beetles 1/16 2.4G RWD Drift RC Car W/ Light Vehicle Models Toys Full Proportional Control,US$29.99,4.91,199 reviews,https://www.banggood.com/CXD-D62-MINI-Beetles-1-or-16-2_4G-RWD-Drift-RC-Car-W-or-Light-Vehicle-Models-Toys-Full-Proportional-Control-p-2018887.html?cur_warehouse=CN&ID=6322853&rmmds=CategoryToysPop&trace_id=14ee1763848600921,29.99,199,4.91,0.16372124041347116,29.99,977.09
Toys Hobbies and Robot,https://www.banggood.com/Wholesale-RC-Vehicles-ca-7007.html?bid=21070102&from=nav,TY XIN TX693 1/12 2.4G Brushless Rc Boat Powerful Wireless Electric Remote Control Model Toys for Boys Gift,US$41.39,4.63,16 reviews,https://www.banggood.com/TY-XIN-TX693-1-or-12-2_4G-Brushless-Rc-Boat-Powerful-Wireless-Electric-Remote-Control-Model-Toys-for-Boys-Gift-p-2021115.html?cur_warehouse=CN&ID=6287836&rmmds=CategoryToysPop&trace_id=14ee1763848600921,41.39,16,4.63,0.1118627687847306,41.39,74.08
Toys Hobbies and Robot,https://www.banggood.com/Wholesale-RC-Vehicles-ca-7007.html?bid=21070102&from=nav,S820 1/32 2.4G Mini RC Boat LED Light Dual Motor Waterproof Remote Control Rescue 1008 Wireless Electric Vehicles Models Toys Kids Children Gift,US$13.59,5.0,12 reviews,https://www.banggood.com/S820-1-or-32-2_4G-Mini-RC-Boat-LED-Light-Dual-Motor-Waterproof-Remote-Control-Rescue-1008-Wireless-Electric-Vehicles-Models-Toys-Kids-Children-Gift-p-2015774.html?cur_warehouse=CN&ID=531930&rmmds=CategoryToysPop&trace_id=14ee1763848600921,13.59,12,5.0,0.36791758646063283,13.59,60.0
Toys Hobbies and Robot,https://www.banggood.com/Wholesale-RC-Vehicles-ca-7007.html?bid=21070102&from=nav,ZLL SG116 PRO/MAX 1/16 2.4G 4WD 80km/h Brushed/Brushless RC Car LED Light Off-Road Climbing Truck High Speed Full Proportional Vehicles Model RTR Toys,US$61.89,4.75,134 reviews,https://www.banggood.com/ZLL-SG116-PRO-or-MAX-1-or-16-2_4G-4WD-80km-or-h-Brushed-or-Brushless-RC-Car-LED-Light-Off-Road-Climbing-Truck-High-Speed-Full-Proportional-Vehicles-Model-RTR-Toys-p-2004712.html?cur_warehouse=CN&ID=6306787&rmmds=CategoryToysPop&trace_id=14ee1763848600921,61.89,134,4.75,0.07674907093229924,61.89,636.5
Toys Hobbies and Robot,https://www.banggood.com/Wholesale-RC-Vehicles-ca-7007.html?bid=21070102&from=nav,Wltoys 284161 RTR 1/28 2.4G 4WD RC Car Off-Road Climbing High Speed LED Light Truck Full Proportional Vehicles Models Toys,US$48.09,4.68,195 reviews,https://www.banggood.com/Wltoys-284161-RTR-1-or-28-2_4G-4WD-RC-Car-Off-Road-Climbing-High-Speed-LED-Light-Truck-Full-Proportional-Vehicles-Models-Toys-p-1984093.html?cur_warehouse=CN&ID=531930&rmmds=CategoryToysPop&trace_id=14ee1763848600921,48.09,195,4.68,0.0973175296319401,48.09,912.5999999999999
Toys Hobbies and Robot,https://www.banggood.com/Wholesale-RC-Vehicles-ca-7007.html?bid=21070102&from=nav,UDIRC UDI023/UDI023PRO 2.4G Brushed/Brushless Jet Spray RC Boat INKFISH Remote Control Speedboat Waterproof Self-Righting LED Lights RTR High Speed Vehicles Models Toys,US$93.99,4.64,45 reviews,https://www.banggood.com/UDIRC-UDI023-or-UDI023PRO-2_4G-Brushed-or-Brushless-Jet-Spray-RC-Boat-INKFISH-Remote-Control-Speedboat-Waterproof-Self-Righting-LED-Lights-RTR-High-Speed-Vehicles-Models-Toys-p-2004086.html?cur_warehouse=CN&ID=6306788&rmmds=CategoryToysPop&trace_id=14ee1763848600921,93.99,45,4.64,0.04936695393126928,93.99,208.79999999999998
Toys Hobbies and Robot,https://www.banggood.com/Wholesale-RC-Vehicles-ca-7007.html?bid=21070102&from=nav,MNRC MN82S 1/12 2.4G 4WD For Toyota LC79 RC Car Full Proportional Control Climbing Off-Road Vehicle Models,US$63.90,4.75,48 reviews,https://www.banggood.com/MNRC-MN82S-1-or-12-2_4G-4WD-For-Toyota-LC79-RC-Car-Full-Proportional-Control-Climbing-Off-Road-Vehicle-Models-p-2023823.html?cur_warehouse=CN&ID=6322853&rmmds=CategoryToysPop&trace_id=14ee1763848600921,63.9,48,4.75,0.07433489827856025,63.9,228.0
Toys Hobbies and Robot,https://www.banggood.com/Wholesale-RC-Vehicles-ca-7007.html?bid=21070102&from=nav,LDARC X43 1/43 2.4G 4WD RC Car Rock Crawler Mini Climbing LED Light Off-Road Vehicles Models Remote Control Racing Toys,US$70.09,4.62,122 reviews,https://www.banggood.com/LDARC-X43-1-or-43-2_4G-4WD-RC-Car-Rock-Crawler-Mini-Climbing-LED-Light-Off-Road-Vehicles-Models-Remote-Control-Racing-Toys-p-1998293.html?cur_warehouse=CN&ID=6325537&rmmds=CategoryToysPop&trace_id=14ee1763848600921,70.09,122,4.62,0.06591525181908973,70.09,563.64
Toys Hobbies and Robot,https://www.banggood.com/Wholesale-RC-Vehicles-ca-7007.html?bid=21070102&from=nav,MNRC MN82 RTR 1/12 2.4G 4WD RC Car for TOYOTA Land Cruiser LC79 Rock Crawler LED Light Climbing Off-Road Truck Full Proportional Vehicles Models Toys,US$49.59,4.86,152 reviews,https://www.banggood.com/MNRC-MN82-RTR-1-or-12-2_4G-4WD-RC-Car-for-TOYOTA-Land-Cruiser-LC79-Rock-Crawler-LED-Light-Climbing-Off-Road-Truck-Full-Proportional-Vehicles-Models-Toys-p-2004388.html?cur_warehouse=CN&ID=6287843&rmmds=CategoryToysPop&trace_id=14ee1763848600921,49.59,152,4.86,0.09800362976406533,49.59,738.72
Toys Hobbies and Robot,https://www.banggood.com/Wholesale-RC-Vehicles-ca-7007.html?bid=21070102&from=nav,FMS FCX24M RTR 1/24 2.4G 4WD RC Car for Land Rover Camel Trophy Edition Rock Crawler Off-Road Climbing Truck Two Speed LED Lights Vehicles Models Oil Filled Shocks Toys,US$114.09,4.96,91 reviews,https://www.banggood.com/FMS-FCX24M-RTR-1-or-24-2_4G-4WD-RC-Car-for-Land-Rover-Camel-Trophy-Edition-Rock-Crawler-Off-Road-Climbing-Truck-Two-Speed-LED-Lights-Vehicles-Models-Oil-Filled-Shocks-Toys-p-2016733.html?cur_warehouse=CN&ID=6327418&rmmds=CategoryToysPop&trace_id=14ee1763848600921,114.09,91,4.96,0.043474449995617497,114.09,451.36
Toys Hobbies and Robot,https://www.banggood.com/Wholesale-RC-Vehicles-ca-7007.html?bid=21070102&from=nav,HBX 16889A Pro 1/16 2.4G 4WD Brushless High Speed RC Car Vehicle Models Full Propotional Two Three Battery,US$108.99,4.8,300 reviews,https://www.banggood.com/HBX-16889A-Pro-1-or-16-2_4G-4WD-Brushless-High-Speed-RC-Car-Vehicle-Models-Full-Propotional-Two-Three-Battery-p-1891731.html?cur_warehouse=CN&ID=531931&rmmds=CategoryToysPop&trace_id=14ee1763848600921,108.99,300,4.8,0.04404073768235618,108.99,1440.0
Toys Hobbies and Robot,https://www.banggood.com/Wholesale-RC-Vehicles-ca-7007.html?bid=21070102&from=nav,YD001 RTR 1/50 2.4G RC Car Forklift Truck Simulation Crane Loader Remote Controlled Full Direction Engineering Vehicle Desktop Toys Model Collection Gift For Boys,US$25.99,,0 review,https://www.banggood.com/YD001-RTR-1-or-50-2_4G-RC-Car-Forklift-Truck-Simulation-Crane-Loader-Remote-Controlled-Full-Direction-Engineering-Vehicle-Desktop-Toys-Model-Collection-Gift-For-Boys-p-2039998.html?cur_warehouse=CN&ID=531930&rmmds=CategoryToysPop&trace_id=14ee1763848600921,25.99,0,,,25.99,
Toys Hobbies and Robot,https://www.banggood.com/Wholesale-RC-Vehicles-ca-7007.html?bid=21070102&from=nav,LYZRC C100 1/16 2.4G 4WD High-Speed Off-Road Climbing RC Car Full Proportional Control Electric Vehicle Model RTR,US$65.99,,0 review,https://www.banggood.com/LYZRC-C100-1-or-16-2_4G-4WD-High-Speed-Off-Road-Climbing-RC-Car-Full-Proportional-Control-Electric-Vehicle-Model-RTR-p-2038712.html?cur_warehouse=CN&ID=6319106&rmmds=CategoryToysPop&trace_id=14ee1763848600921,65.99,0,,,65.99,
Toys Hobbies and Robot,https://www.banggood.com/Wholesale-RC-Vehicles-ca-7007.html?bid=21070102&from=nav,Diatone x Sniclo MIX GO SNT MG034 1/43 2.4G 4WD Mini Drift RC Car Gyro Micro Racer LED Light Remote Control High-Speed Motor On-Road Racing Vehicles Models Boys Gifts Toys,US$96.99,,0 review,https://www.banggood.com/Diatone-x-Sniclo-MIX-GO-SNT-MG034-1-or-43-2_4G-4WD-Mini-Drift-RC-Car-Gyro-Micro-Racer-LED-Light-Remote-Control-High-Speed-Motor-On-Road-Racing-Vehicles-Models-Boys-Gifts-Toys-p-2039218.html?cur_warehouse=CN&ID=6334573&rmmds=CategoryToysPop&trace_id=14ee1763848600921,96.99,0,,,96.99,
Fitness Wellness,https://www.banggood.com/Wholesale-Fitness-Wellness-ca-6016.html?bid=80730,Xiaomi Mijia Smart Electric Skipping Rope Real-time Training Guidance Accurate Fitness Data Recording Matrix Screen Display App Connection Happy Efficient Exercise Cordless and Rope Jump Ropes,US$19.99,4.91,23 reviews,https://www.banggood.com/Xiaomi-Mijia-Smart-Electric-Skipping-Rope-Real-time-Training-Guidance-Accurate-Fitness-Data-Recording-Matrix-Screen-Display-App-Connection-Happy-Efficient-Exercise-Cordless-and-Rope-Jump-Ropes-p-2010257.html?cur_warehouse=CN&ID=6294217&rmmds=CategorySportsPop&trace_id=d7971763848627317,19.99,23,4.91,0.24562281140570288,19.99,112.93
Fitness Wellness,https://www.banggood.com/Wholesale-Fitness-Wellness-ca-6016.html?bid=80730,Mogold Weighted Jump Ropes Adjustable Length Weights 360 Degree Spin Ergonomics Grip Skipping Rope for Fitness Sports Training,US$24.99,,0 review,https://www.banggood.com/Mogold-Weighted-Jump-Ropes-Adjustable-Length-Weights-360-Degree-Spin-Ergonomics-Grip-Skipping-Rope-for-Fitness-Sports-Training-p-2018816.html?cur_warehouse=CN&ID=6287830&rmmds=CategorySportsPop&trace_id=d7971763848627317,24.99,0,,,24.99,
Fitness Wellness,https://www.banggood.com/Wholesale-Fitness-Wellness-ca-6016.html?bid=80730,KALOAD® USB+Solar Powered Body Fat Scale BMI Scales Smart Wireless Digital Bathroom Weight Scale Body Composition Analyzer,US$18.99,4.8,50 reviews,https://www.banggood.com/KALOAD-USB+Solar-Powered-Body-Fat-Scale-BMI-Scales-Smart-Wireless-Digital-Bathroom-Weight-Scale-Body-Composition-Analyzer-p-2004960.html?cur_warehouse=CN&ID=224&rmmds=CategorySportsPop&trace_id=d7971763848627317,18.99,50,4.8,0.25276461295418645,18.99,240.0
Fitness Wellness,https://www.banggood.com/Wholesale-Fitness-Wellness-ca-6016.html?bid=80730,KALOAD 5-100KG Adjustable Hand Grip Strength Trainer Mechanical Counter Forearm Exerciser Power Strengthener for Gym Fitness Equipment with Counting Function,US$7.99,4.64,14 reviews,https://www.banggood.com/KALOAD-5-100KG-Adjustable-Hand-Grip-Strength-Trainer-Mechanical-Counter-Forearm-Exerciser-Power-Strengthener-for-Gym-Fitness-Equipment-with-Counting-Function-p-2021948.html?cur_warehouse=CN&ID=226&rmmds=CategorySportsPop&trace_id=d7971763848627317,7.99,14,4.64,0.5807259073842302,7.99,64.96
Fitness Wellness,https://www.banggood.com/Wholesale-Fitness-Wellness-ca-6016.html?bid=80730,KALOAD Elbow Support Automatic Rebound Abdominal Wheel Core Muscle Ab Trainer Fitness Exercise Roller Wheel,US$39.99,5.0,1 review,https://www.banggood.com/KALOAD-Elbow-Support-Automatic-Rebound-Abdominal-Wheel-Core-Muscle-Ab-Trainer-Fitness-Exercise-Roller-Wheel-p-2019722.html?cur_warehouse=CN&ID=6287830&rmmds=CategorySportsPop&trace_id=d7971763848627317,39.99,1,5.0,0.1250312578144536,39.99,5.0
Fitness Wellness,https://www.banggood.com/Wholesale-Fitness-Wellness-ca-6016.html?bid=80730,KALOAD 5-120Kg Handgrip Gym Fitness Hand Grip Strengthener Men Adjustable Finger Heavy Exerciser Strength for Muscle Recovery Hand Gripper Trainer Forearm Strengthener,US$7.99,4.5,6 reviews,https://www.banggood.com/KALOAD-5-120Kg-Handgrip-Gym-Fitness-Hand-Grip-Strengthener-Men-Adjustable-Finger-Heavy-Exerciser-Strength-for-Muscle-Recovery-Hand-Gripper-Trainer-Forearm-Strengthener-p-2027479.html?cur_warehouse=CN&ID=224&rmmds=CategorySportsPop&trace_id=d7971763848627317,7.99,6,4.5,0.5632040050062578,7.99,27.0
Fitness Wellness,https://www.banggood.com/Wholesale-Fitness-Wellness-ca-6016.html?bid=80730,KALOAD Dynamometer Hand Grips Electronic Grip Strengthener LED Display Intelligent Electronic Grip Meter,US$19.99,5.0,5 reviews,https://www.banggood.com/KALOAD-Dynamometer-Hand-Grips-Electronic-Grip-Strengthener-LED-Display-Intelligent-Electronic-Grip-Meter-p-2025281.html?cur_warehouse=CN&ID=233&rmmds=CategorySportsPop&trace_id=d7971763848627317,19.99,5,5.0,0.25012506253126565,19.99,25.0
Fitness Wellness,https://www.banggood.com/Wholesale-Fitness-Wellness-ca-6016.html?bid=80730,KALOAD 5-100kg Adjustable Grip Strength Gym Wrist Expander Hand Strengthener Muscle Recovery Hand Strength Exercise Equipment,US$7.99,4.64,11 reviews,https://www.banggood.com/KALOAD-5-100kg-Adjustable-Grip-Strength-Gym-Wrist-Expander-Hand-Strengthener-Muscle-Recovery-Hand-Strength-Exercise-Equipment-p-2019756.html?cur_warehouse=CN&ID=513344&rmmds=CategorySportsPop&trace_id=d7971763848627317,7.99,11,4.64,0.5807259073842302,7.99,51.04
Fitness Wellness,https://www.banggood.com/Wholesale-Fitness-Wellness-ca-6016.html?bid=80730,KALOAD Steel Wire Jump Rope Skipping Rope Fitness Sports Professional Training Home Exercise Equipment for Fat Reduction,US$16.99,,0 review,https://www.banggood.com/KALOAD-Steel-Wire-Jump-Rope-Skipping-Rope-Fitness-Sports-Professional-Training-Home-Exercise-Equipment-for-Fat-Reduction-p-2021971.html?cur_warehouse=CN&ID=6287830&rmmds=CategorySportsPop&trace_id=d7971763848627317,16.99,0,,,16.99,
Fitness Wellness,https://www.banggood.com/Wholesale-Fitness-Wellness-ca-6016.html?bid=80730,Hand Grip Strengthener Foam Finger Exerciser for Wrist Arm Strength Fitness Rehabilitation Training,US$6.99,4.0,1 review,https://www.banggood.com/Hand-Grip-Strengthener-Foam-Finger-Exerciser-for-Wrist-Arm-Strength-Fitness-Rehabilitation-Training-p-2004325.html?cur_warehouse=CN&ID=224&rmmds=CategorySportsPop&trace_id=d7971763848627317,6.99,1,4.0,0.5722460658082975,6.99,4.0
Fitness Wellness,https://www.banggood.com/Wholesale-Fitness-Wellness-ca-6016.html?bid=80730,AB Roller Abdominal Tonifying Wheel Muscle Trainer Exercise Roller for Body Shaping Abs Core Workout Home Gym Fitness Equipment,US$19.99,5.0,3 reviews,https://www.banggood.com/AB-Roller-Abdominal-Tonifying-Wheel-Muscle-Trainer-Exercise-Roller-for-Body-Shaping-Abs-Core-Workout-Home-Gym-Fitness-Equipment-p-2004334.html?cur_warehouse=CN&rmmds=CategorySportsPop&trace_id=d7971763848627317,19.99,3,5.0,0.25012506253126565,19.99,15.0
Fitness Wellness,https://www.banggood.com/Wholesale-Fitness-Wellness-ca-6016.html?bid=80730,KALOAD 40-60lbs Hand Grip Strength Trainer Silicone Forearm Grip Workout Hand Gripper Five Finger Exerciser,US$9.99,,0 review,https://www.banggood.com/KALOAD-40-60lbs-Hand-Grip-Strength-Trainer-Silicone-Forearm-Grip-Workout-Hand-Gripper-Five-Finger-Exerciser-p-2025189.html?cur_warehouse=CN&ID=229&rmmds=CategorySportsPop&trace_id=d7971763848627317,9.99,0,,,9.99,
Fitness Wellness,https://www.banggood.com/Wholesale-Fitness-Wellness-ca-6016.html?bid=80730,5 Pcs Hand Grip Strengthener Set Adjustable Hand Gripper Finger Rehabilitation Training Resistance Stress Relief Ball Fitness Exercise Tools,US$14.99,5.0,9 reviews,https://www.banggood.com/5-Pcs-Hand-Grip-Strengthener-Set-Adjustable-Hand-Gripper-Finger-Rehabilitation-Training-Resistance-Stress-Relief-Ball-Fitness-Exercise-Tools-p-2004319.html?cur_warehouse=CN&rmmds=CategorySportsPop&trace_id=d7971763848627317,14.99,9,5.0,0.333555703802535,14.99,45.0
Fitness Wellness,https://www.banggood.com/Wholesale-Fitness-Wellness-ca-6016.html?bid=80730,KALOAD Speed Jump Rope Skipping Rope Fitness Sports Professional Training Home Exercise Equipment for Fat Reduction,US$7.99,,0 review,https://www.banggood.com/KALOAD-Speed-Jump-Rope-Skipping-Rope-Fitness-Sports-Professional-Training-Home-Exercise-Equipment-for-Fat-Reduction-p-2021979.html?cur_warehouse=CN&ID=6287830&rmmds=CategorySportsPop&trace_id=d7971763848627317,7.99,0,,,7.99,
Fitness Wellness,https://www.banggood.com/Wholesale-Fitness-Wellness-ca-6016.html?bid=80730,KALOAD 10-50lbs Silicone Grip Device Palm Rehabilitation Training Hand Exercise Grip Circle Fitness Grip Circle Hand Muscle Massager,US$9.99,,0 review,https://www.banggood.com/KALOAD-10-50lbs-Silicone-Grip-Device-Palm-Rehabilitation-Training-Hand-Exercise-Grip-Circle-Fitness-Grip-Circle-Hand-Muscle-Massager-p-2025125.html?cur_warehouse=CN&ID=41195&rmmds=CategorySportsPop&trace_id=d7971763848627317,9.99,0,,,9.99,
Fitness Wellness,https://www.banggood.com/Wholesale-Fitness-Wellness-ca-6016.html?bid=80730,KALOAD Silicone Adjustable 20-90LB Hand Grip Strength Exercise Gripping Ring Fitness Finger Forearm Trainer Carpal Expander,US$5.99,,0 review,https://www.banggood.com/KALOAD-Silicone-Adjustable-20-90LB-Hand-Grip-Strength-Exercise-Gripping-Ring-Fitness-Finger-Forearm-Trainer-Carpal-Expander-p-2019745.html?cur_warehouse=CN&ID=513346&rmmds=CategorySportsPop&trace_id=d7971763848627317,5.99,0,,,5.99,
Fitness Wellness,https://www.banggood.com/Wholesale-Fitness-Wellness-ca-6016.html?bid=80730,KALOAD 1Set 5-60kg Adjustable Hand Gripper Strengthener Wrist Exerciser Forearm Ring Grips Finger Stretcher Workout Fitness Massage,US$18.99,,0 review,https://www.banggood.com/KALOAD-1Set-5-60kg-Adjustable-Hand-Gripper-Strengthener-Wrist-Exerciser-Forearm-Ring-Grips-Finger-Stretcher-Workout-Fitness-Massage-p-2021952.html?cur_warehouse=CN&ID=224&rmmds=CategorySportsPop&trace_id=d7971763848627317,18.99,0,,,18.99,
Fitness Wellness,https://www.banggood.com/Wholesale-Fitness-Wellness-ca-6016.html?bid=80730,KALOAD 5-165kg Adjustable Heavy Hand Grip Strengthener Finger Expander Wrist Forearm Trainers Fitness Steel Spring Exercise Equipment,US$10.99,5.0,7 reviews,https://www.banggood.com/KALOAD-5-165kg-Adjustable-Heavy-Hand-Grip-Strengthener-Finger-Expander-Wrist-Forearm-Trainers-Fitness-Steel-Spring-Exercise-Equipment-p-2019750.html?cur_warehouse=CN&ID=224&rmmds=CategorySportsPop&trace_id=d7971763848627317,10.99,7,5.0,0.4549590536851683,10.99,35.0
Fitness Wellness,https://www.banggood.com/Wholesale-Fitness-Wellness-ca-6016.html?bid=80730,SportSoul Grip Ball Silicone Massage Fitness Ball Muscle Therapy Recovery Gripper Pain Relief Fascia Ball,US$7.99,,0 review,https://www.banggood.com/SportSoul-Grip-Ball-Silicone-Massage-Fitness-Ball-Muscle-Therapy-Recovery-Gripper-Pain-Relief-Fascia-Ball-p-2012842.html?cur_warehouse=CN&ID=6326389&rmmds=CategorySportsPop&trace_id=d7971763848627317,7.99,0,,,7.99,
Fitness Wellness,https://www.banggood.com/Wholesale-Fitness-Wellness-ca-6016.html?bid=80730,KALOAD 10-120KG Adjustable Hand Grip Strength Trainer Mechanical Counter Forearm Exerciser Power Strengthener for Gym Fitness Equipment with Counting Function,US$7.99,,0 review,https://www.banggood.com/KALOAD-10-120KG-Adjustable-Hand-Grip-Strength-Trainer-Mechanical-Counter-Forearm-Exerciser-Power-Strengthener-for-Gym-Fitness-Equipment-with-Counting-Function-p-2024863.html?cur_warehouse=CN&ID=513872&rmmds=CategorySportsPop&trace_id=d7971763848627317,7.99,0,,,7.99,
Fitness Wellness,https://www.banggood.com/Wholesale-Fitness-Wellness-ca-6016.html?bid=80730,Multi-Layer Ab Wheel Roller Mute Labor-Saving Smart Brake Practical Automatic Rebound Abs Trainer Wheel Exercise Equipment for Body Shaping Abs Core Workout,US$35.99,,0 review,https://www.banggood.com/Multi-Layer-Ab-Wheel-Roller-Mute-Labor-Saving-Smart-Brake-Practical-Automatic-Rebound-Abs-Trainer-Wheel-Exercise-Equipment-for-Body-Shaping-Abs-Core-Workout-p-2005469.html?cur_warehouse=CN&rmmds=CategorySportsPop&trace_id=d7971763848627317,35.99,0,,,35.99,
Fitness Wellness,https://www.banggood.com/Wholesale-Fitness-Wellness-ca-6016.html?bid=80730,250LB Hand Grip Strengthener Metal Gripper Aluminum Handle Professional Strength Handgrip Finger Training for Gym Sport,US$6.99,5.0,3 reviews,https://www.banggood.com/250LB-Hand-Grip-Strengthener-Metal-Gripper-Aluminum-Handle-Professional-Strength-Handgrip-Finger-Training-for-Gym-Sport-p-2004330.html?cur_warehouse=CN&rmmds=CategorySportsPop&trace_id=d7971763848627317,6.99,3,5.0,0.7153075822603719,6.99,15.0
Fitness Wellness,https://www.banggood.com/Wholesale-Fitness-Wellness-ca-6016.html?bid=80730,Smart Electric Counting Jump Rope Corded and Cordless 2 in 1 Design 4 Modes Accurate HD Display Calorie Record Free Adjustable Fitness Rope for Muscle Building Strength Exercise,US$10.99,,0 review,https://www.banggood.com/Smart-Electric-Counting-Jump-Rope-Corded-and-Cordless-2-in-1-Design-4-Modes-Accurate-HD-Display-Calorie-Record-Free-Adjustable-Fitness-Rope-for-Muscle-Building-Strength-Exercise-p-2018255.html?cur_warehouse=CN&ID=6291113&rmmds=CategorySportsPop&trace_id=d7971763848627317,10.99,0,,,10.99,
Fitness Wellness,https://www.banggood.com/Wholesale-Fitness-Wellness-ca-6016.html?bid=80730,4 in 1 Electric Vibration Fitness Massager 30W Power EMS High Vibration Tech 3000mAh Battery for Abdomen Buttocks Legs Back Muscle Exercise,US$25.99,,0 review,https://www.banggood.com/4-in-1-Electric-Vibration-Fitness-Massager-30W-Power-EMS-High-Vibration-Tech-3000mAh-Battery-for-Abdomen-Buttocks-Legs-Back-Muscle-Exercise-p-2003735.html?cur_warehouse=CN&ID=6287830&rmmds=CategorySportsPop&trace_id=d7971763848627317,25.99,0,,,25.99,
Fitness Wellness,https://www.banggood.com/Wholesale-Fitness-Wellness-ca-6016.html?bid=80730,Xiaomi Mijia Portable Fascia Gun 2C 12kg 2500rpm High-speed Thrust Massage 3 Gear Smart Relaxation 1900mAh Capacity Mode Preference Memory 350g Lightweight Mini Vibration Fitness Massager for Gym Sports Workout,US$60.99,5.0,2 reviews,https://www.banggood.com/Xiaomi-Mijia-Portable-Fascia-Gun-2C-12kg-2500rpm-High-speed-Thrust-Massage-3-Gear-Smart-Relaxation-1900mAh-Capacity-Mode-Preference-Memory-350g-Lightweight-Mini-Vibration-Fitness-Massager-for-Gym-Sports-Workout-p-2013048.html?cur_warehouse=CN&ID=6288208&rmmds=CategorySportsPop&trace_id=d7971763848627317,60.99,2,5.0,0.08198065256599442,60.99,10.0
Fitness Wellness,https://www.banggood.com/Wholesale-Fitness-Wellness-ca-6016.html?bid=80730,KALOAD AB Roller Abdominal Tonifying Wheel Muscle Trainer Exercise Roller with Mat for Body Shaping Abs Core Workout Home Gym Fitness Equipment,US$23.99,,0 review,https://www.banggood.com/KALOAD-AB-Roller-Abdominal-Tonifying-Wheel-Muscle-Trainer-Exercise-Roller-with-Mat-for-Body-Shaping-Abs-Core-Workout-Home-Gym-Fitness-Equipment-p-2019713.html?cur_warehouse=CN&ID=6287830&rmmds=CategorySportsPop&trace_id=d7971763848627317,23.99,0,,,23.99,
Fitness Wellness,https://www.banggood.com/Wholesale-Fitness-Wellness-ca-6016.html?bid=80730,KALOAD Hand Grip Carpal Expander Finger Strength Power Gripper Gripping Stress Relief Gym Home Fitness Trainer,US$9.99,,0 review,https://www.banggood.com/KALOAD-Hand-Grip-Carpal-Expander-Finger-Strength-Power-Gripper-Gripping-Stress-Relief-Gym-Home-Fitness-Trainer-p-2027401.html?cur_warehouse=CN&ID=224&rmmds=CategorySportsPop&trace_id=d7971763848627317,9.99,0,,,9.99,
Fitness Wellness,https://www.banggood.com/Wholesale-Fitness-Wellness-ca-6016.html?bid=80730,2023 Soft Portable Elastic Rubber Bands For Sports Strength Training Gym Exercises,US$9.99,,0 review,https://www.banggood.com/2023-Soft-Portable-Elastic-Rubber-Bands-For-Sports-Strength-Training-Gym-Exercises-p-1994659.html?cur_warehouse=CN&rmmds=CategorySportsPop&trace_id=d7971763848627317,9.99,0,,,9.99,
Fitness Wellness,https://www.banggood.com/Wholesale-Fitness-Wellness-ca-6016.html?bid=80730,Ems Muscle Stimulator Unisex 6 Massage Modes Abdominal Pulse Trainer Portable Electric Smart Fitness Equipment,US$15.99,5.0,2 reviews,https://www.banggood.com/Ems-Muscle-Stimulator-Unisex-6-Massage-Modes-Abdominal-Pulse-Trainer-Portable-Electric-Smart-Fitness-Equipment-p-1997481.html?cur_warehouse=CN&rmmds=CategorySportsPop&trace_id=d7971763848627317,15.99,2,5.0,0.31269543464665417,15.99,10.0
Fitness Wellness,https://www.banggood.com/Wholesale-Fitness-Wellness-ca-6016.html?bid=80730,Bominfit 28 in 1 Folding Push Up Board 300kg Load-bearing Sport Plank Abdominal Chest Push-Ups Stands for Fitness Workout Home Gym Exercise,US$26.99,5.0,5 reviews,https://www.banggood.com/Bominfit-28-in-1-Folding-Push-Up-Board-300kg-Load-bearing-Sport-Plank-Abdominal-Chest-Push-Ups-Stands-for-Fitness-Workout-Home-Gym-Exercise-p-2036323.html?cur_warehouse=CN&ID=6287830&rmmds=CategorySportsPop&trace_id=d7971763848627317,26.99,5,5.0,0.1852537977028529,26.99,25.0
Commercial Lighting,https://www.banggood.com/Wholesale-Commercial-Lighting-ca-14124.html?bid=21071005&from=nav,P65 3D Hologram Fan HD Projector LED Sign Holographic Player support Video Shop Advertising Display Festival Light-EU Plug,US$179.99,5.0,4 reviews,https://www.banggood.com/P65-3D-Hologram-Fan-HD-Projector-LED-Sign-Holographic-Player-support-Video-Shop-Advertising-Display-Festival-Light-EU-Plug-p-2018105.html?cur_warehouse=CN&rmmds=CategoryLightsPop&trace_id=9f881763849091595,179.99,4,5.0,0.027779321073392964,179.99,20.0
Commercial Lighting,https://www.banggood.com/Wholesale-Commercial-Lighting-ca-14124.html?bid=21071005&from=nav,P56 Naked Eye 3D HD Fan Holographic Projector 3D Holographic Projector Remote Advertising Display Support Picture Video Gif logo,US$139.99,5.0,5 reviews,https://www.banggood.com/P56-Naked-Eye-3D-HD-Fan-Holographic-Projector-3D-Holographic-Projector-Remote-Advertising-Display-Support-Picture-Video-Gif-logo-p-2007984.html?cur_warehouse=CN&rmmds=CategoryLightsPop&trace_id=9f881763849091595,139.99,5,5.0,0.03571683691692264,139.99,25.0
Commercial Lighting,https://www.banggood.com/Wholesale-Commercial-Lighting-ca-14124.html?bid=21071005&from=nav,"P62 3D Hologram Projector Fan Remote Wifi Control Commercial Advertising Display Lights Projector Logo Picture For Commercial Ad Festivals,Real-Time Projection",US$156.49,3.0,1 review,"https://www.banggood.com/P62-3D-Hologram-Projector-Fan-Remote-Wifi-Control-Commercial-Advertising-Display-Lights-Projector-Logo-Picture-For-Commercial-Ad-Festivals,Real-Time-Projection-p-2018096.html?cur_warehouse=CN&rmmds=CategoryLightsPop&trace_id=9f881763849091595",156.49,1,3.0,0.01917055402901144,156.49,3.0
Commercial Lighting,https://www.banggood.com/Wholesale-Commercial-Lighting-ca-14124.html?bid=21071005&from=nav,30W RGBW LED DMX512 Stage Light Pinspot Beam Spotlight 6CH For DJ DISCO Party KTV,US$37.99,4.91,58 reviews,https://www.banggood.com/30W-RGBW-LED-DMX512-Stage-Light-Pinspot-Beam-Spotlight-6CH-For-DJ-DISCO-Party-KTV-p-1345074.html?cur_warehouse=CN&ID=43101&rmmds=CategoryLightsPop&trace_id=9f881763849091595,37.99,58,4.91,0.12924453803632535,37.99,284.78000000000003
Chargers & Cables,https://www.banggood.com/Wholesale-Chargers-and-Cables-ca-1052.html?bid=21070604&from=nav,BlitzWolf® 868H 160W 5-Port USB PD Desktop Charger Dual USB-A QC3.0+Dual PD65W Type-C+65W Type-C PD3.0 with 15W 10W 7.5W 5W Wireless Fast Charger for iPhone 14 14 Pro Max for Samsung Galaxy Z Fold 4 S22 Ultra,US$35.99,4.93,162 reviews,https://www.banggood.com/BlitzWolf-868H-160W-5-Port-USB-PD-Desktop-Charger-Dual-USB-A-QC3_0+Dual-PD65W-Type-C+65W-Type-C-PD3_0-with-15W-10W-7_5W-5W-Wireless-Fast-Charger-for-iPhone-14-14-Pro-Max-for-Samsung-Galaxy-Z-Fold-4-S22-Ultra-p-1996851.html?cur_warehouse=CN&rmmds=CategoryPhonesPop&trace_id=c57a1763849111077,35.99,162,4.93,0.13698249513753818,35.99,798.66
Chargers & Cables,https://www.banggood.com/Wholesale-Chargers-and-Cables-ca-1052.html?bid=21070604&from=nav,7A USB to Type-C Cable Support 6A/7A Fast Charging Data Transmission Protocol PVC Core Line 0.25M/1M/2M Long for Huawei Mate 40Pro for Xiaomi Mi12 for Samsung Galaxy Z Fold 2,US$3.16,4.91,257 reviews,https://www.banggood.com/7A-USB-to-Type-C-Cable-Support-6A-or-7A-Fast-Charging-Data-Transmission-Protocol-PVC-Core-Line-0_25M-or-1M-or-2M-Long-for-Huawei-Mate-40Pro-for-Xiaomi-Mi12-for-Samsung-Galaxy-Z-Fold-2-p-1975795.html?cur_warehouse=CN&ID=523602&rmmds=CategoryPhonesPop&trace_id=c57a1763849111077,3.16,257,4.91,1.5537974683544304,3.16,1261.8700000000001
Chargers & Cables,https://www.banggood.com/Wholesale-Chargers-and-Cables-ca-1052.html?bid=21070604&from=nav,[GaN Tech] Blitzwolf® BW-S26 250W 8-Port USB PD Charger 3USB-A+5USB-C PD3.0 QC3.0 AFC FCP PPS APPLE Fast Charging Desktop Charging Station EU Plug for iPhone 15 14 13 for Samsung Galaxy Z Flip4 for MacBook Pro for Airpods for Apple Watch,US$26.99,4.88,107 reviews,https://www.banggood.com/GaN-Tech-Blitzwolf-BW-S26-250W-8-Port-USB-PD-Charger-3USB-A+5USB-C-PD3_0-QC3_0-AFC-FCP-PPS-APPLE-Fast-Charging-Desktop-Charging-Station-EU-Plug-for-iPhone-15-14-13-for-Samsung-Galaxy-Z-Flip4-for-MacBook-Pro-for-Airpods-for-Apple-Watch-p-2015740.html?cur_warehouse=CN&ID=62878306316013&rmmds=CategoryPhonesPop&trace_id=c57a1763849111077,26.99,107,4.88,0.18080770655798445,26.99,522.16
Chargers & Cables,https://www.banggood.com/Wholesale-Chargers-and-Cables-ca-1052.html?bid=21070604&from=nav,BlitzWolf® BW-S27 160W 6-Port USB PD Desktop Fast Charger 2USB-A+4USB-C PD3.0 QC4.0 AFC FCP SCP PPS PE with 15W 10W 7.5W 5W Wireless Charger Desktop Charging Station EU Plug for iPhone 15 14 13 for MacBook Pro for Airpods for Apple Watch,US$26.49,5.0,70 reviews,https://www.banggood.com/BlitzWolf-BW-S27-160W-6-Port-USB-PD-Desktop-Fast-Charger-2USB-A+4USB-C-PD3_0-QC4_0-AFC-FCP-SCP-PPS-PE-with-15W-10W-7_5W-5W-Wireless-Charger-Desktop-Charging-Station-EU-Plug-for-iPhone-15-14-13-for-MacBook-Pro-for-Airpods-for-Apple-Watch-p-2019380.html?cur_warehouse=CN&ID=62878306316013&rmmds=CategoryPhonesPop&trace_id=c57a1763849111077,26.49,70,5.0,0.18875047187617972,26.49,350.0
Chargers & Cables,https://www.banggood.com/Wholesale-Chargers-and-Cables-ca-1052.html?bid=21070604&from=nav,BlitzWolf® BW-S15 60W 6-Ports USB Charger Dual QC3.0 Desktop Charging Station Smart Charger EU Plug Adapter,US$15.99,4.95,1464 reviews,https://www.banggood.com/BlitzWolf-BW-S15-60W-6-Ports-USB-Charger-Dual-QC3_0-Desktop-Charging-Station-Smart-Charger-EU-Plug-Adapter-p-1997155.html?cur_warehouse=CN&ID=533601&rmmds=CategoryPhonesPop&trace_id=c57a1763849111077,15.99,1464,4.95,0.30956848030018763,15.99,7246.8
Chargers & Cables,https://www.banggood.com/Wholesale-Chargers-and-Cables-ca-1052.html?bid=21070604&from=nav,BlitzWolf BW-EC2 8-in-1 Wall Cube Socket EU Plug Power Outlet Extender 4000W with Switch 4 AC Outlets / 2 USB-A / 2 USB-C for Home Bedroom Travel,US$15.99,4.91,69 reviews,https://www.banggood.com/BlitzWolf-BW-EC2-8-in-1-Wall-Cube-Socket-EU-Plug-Power-Outlet-Extender-4000W-with-Switch-4-AC-Outlets-or-2-USB-A-or-2-USB-C-for-Home-Bedroom-Travel-p-2023824.html?cur_warehouse=CN&ID=47184&rmmds=CategoryPhonesPop&trace_id=c57a1763849111077,15.99,69,4.91,0.3070669168230144,15.99,338.79
Chargers & Cables,https://www.banggood.com/Wholesale-Chargers-and-Cables-ca-1052.html?bid=21070604&from=nav,2 in 1 Wireless Carplay Adapter for Apple iOS Android Auto Smart USB Plug and Play bluetooth-compatible for Havel/Kia/Volvo/MG/Hyundai/VW,US$19.49,4.89,28 reviews,https://www.banggood.com/2-in-1-Wireless-Carplay-Adapter-for-Apple-iOS-Android-Auto-Smart-USB-Plug-and-Play-bluetooth-compatible-for-Havel-or-Kia-or-Volvo-or-MG-or-Hyundai-or-VW-p-2020499.html?cur_warehouse=CN&rmmds=CategoryPhonesPop&trace_id=c57a1763849111077,19.49,28,4.89,0.2508978963571062,19.49,136.92
Chargers & Cables,https://www.banggood.com/Wholesale-Chargers-and-Cables-ca-1052.html?bid=21070604&from=nav,[GaN Tech] Blitzwolf® BW-i100 120W 5-Port USB PD Charger 2USB-A+3USB-C PD3.0 QC3.0 AFC FCP SCP PPS PE APPLE Fast Charging Desktop Charging Station EU Plug for iPhone 15 14 13 for Samsung Galaxy Z Flip4 for MacBook Pro for Airpods for Apple Watch,US$22.09,4.93,138 reviews,https://www.banggood.com/GaN-Tech-Blitzwolf-BW-i100-120W-5-Port-USB-PD-Charger-2USB-A+3USB-C-PD3_0-QC3_0-AFC-FCP-SCP-PPS-PE-APPLE-Fast-Charging-Desktop-Charging-Station-EU-Plug-for-iPhone-15-14-13-for-Samsung-Galaxy-Z-Flip4-for-MacBook-Pro-for-Airpods-for-Apple-Watch-p-2003461.html?cur_warehouse=CN&ID=62878306316013&rmmds=CategoryPhonesPop&trace_id=c57a1763849111077,22.09,138,4.93,0.22317790855590763,22.09,680.3399999999999
Chargers & Cables,https://www.banggood.com/Wholesale-Chargers-and-Cables-ca-1052.html?bid=21070604&from=nav,BlitzWolf BW-EC1 8-in-1 Vertical Cube EU Socket Plug Power Outlet Extender with 4 AC Outlets / 2 USB-A / 2 USB-C for MacBook iPad Game Office Home,US$18.99,4.87,85 reviews,https://www.banggood.com/BlitzWolf-BW-EC1-8-in-1-Vertical-Cube-EU-Socket-Plug-Power-Outlet-Extender-with-4-AC-Outlets-or-2-USB-A-or-2-USB-C-for-MacBook-iPad-Game-Office-Home-p-2020240.html?cur_warehouse=CN&ID=6287845&rmmds=CategoryPhonesPop&trace_id=c57a1763849111077,18.99,85,4.87,0.2564507635597683,18.99,413.95
Chargers & Cables,https://www.banggood.com/Wholesale-Chargers-and-Cables-ca-1052.html?bid=21070604&from=nav,BUDI Multi-function Smart Adapter Card Storage Data Cable Stick USB Box Multi-Cable SIM KIT TF Card Memory Reader Computer Accessories for MacBook for iPhone 12 for Samsung Galaxy Note S20 ultra Huawei Mate40 OnePlus 8 Pro OPPO,US$12.43,4.92,239 reviews,https://www.banggood.com/BUDI-Multi-function-Smart-Adapter-Card-Storage-Data-Cable-Stick-USB-Box-Multi-Cable-SIM-KIT-TF-Card-Memory-Reader-Computer-Accessories-for-MacBook-for-iPhone-12-for-Samsung-Galaxy-Note-S20-ultra-Huawei-Mate40-OnePlus-8-Pro-OPPO-p-1840714.html?cur_warehouse=CN&ID=6287842&rmmds=CategoryPhonesPop&trace_id=c57a1763849111077,12.43,239,4.92,0.39581657280772325,12.43,1175.8799999999999
Chargers & Cables,https://www.banggood.com/Wholesale-Chargers-and-Cables-ca-1052.html?bid=21070604&from=nav,Baseus 66W USB-A to USB-C Digital Display Cable Fast Charging Data Transmission Cord Line 1/2m long For DOOGEE S88 Pro For OnePlus 9 Pro For Xiaomi MI10,US$8.95,4.89,273 reviews,https://www.banggood.com/Baseus-66W-USB-A-to-USB-C-Digital-Display-Cable-Fast-Charging-Data-Transmission-Cord-Line-1-or-2m-long-For-DOOGEE-S88-Pro-For-OnePlus-9-Pro-For-Xiaomi-MI10-p-1900290.html?cur_warehouse=CN&ID=22445763&rmmds=CategoryPhonesPop&trace_id=c57a1763849111077,8.95,273,4.89,0.5463687150837989,8.95,1334.9699999999998
Chargers & Cables,https://www.banggood.com/Wholesale-Chargers-and-Cables-ca-1052.html?bid=21070604&from=nav,Toocki USB-C to Micro/USB-A to USB-C/USB-C to USB-A Adapter Converter for Xiaomi for Samsung Huawei OTG Connector,US$5.29,4.95,37 reviews,https://www.banggood.com/Toocki-USB-C-to-Micro-or-USB-A-to-USB-C-or-USB-C-to-USB-A-Adapter-Converter-for-Xiaomi-for-Samsung-Huawei-OTG-Connector-p-1990152.html?cur_warehouse=CN&ID=6323298&rmmds=CategoryPhonesPop&trace_id=c57a1763849111077,5.29,37,4.95,0.9357277882797732,5.29,183.15
Chargers & Cables,https://www.banggood.com/Wholesale-Chargers-and-Cables-ca-1052.html?bid=21070604&from=nav,LDNIO WL01 25.5W Magnetic Wireless Charger Fast Wireless Charging Stand with Night Light Function for Smart Phones for iPhone 16 15 Pro 14 13 12 Pro Max for Huawei Mate XT for Samsung Galaxy Z Flip6 for Airpods for Apple Watch,US$25.99,,0 review,https://www.banggood.com/LDNIO-WL01-25_5W-Magnetic-Wireless-Charger-Fast-Wireless-Charging-Stand-with-Night-Light-Function-for-Smart-Phones-for-iPhone-16-15-Pro-14-13-12-Pro-Max-for-Huawei-Mate-XT-for-Samsung-Galaxy-Z-Flip6-for-Airpods-for-Apple-Watch-p-2027116.html?cur_warehouse=CN&ID=6287845&rmmds=CategoryPhonesPop&trace_id=c57a1763849111077,25.99,0,,,25.99,
Chargers & Cables,https://www.banggood.com/Wholesale-Chargers-and-Cables-ca-1052.html?bid=21070604&from=nav,150W 5-Port USB PD Car Charger Adapter 4USB-A+1Type-C PD QC3.0 Fast Charging with Blue LED for iPhone 12 13 14 14 Pro 14Pro Max for Huawei Mate50 for Samsung Galaxy S23 for Xiaomi 13pro,US$6.49,4.88,25 reviews,https://www.banggood.com/150W-5-Port-USB-PD-Car-Charger-Adapter-4USB-A+1Type-C-PD-QC3_0-Fast-Charging-with-Blue-LED-for-iPhone-12-13-14-14-Pro-14Pro-Max-for-Huawei-Mate50-for-Samsung-Galaxy-S23-for-Xiaomi-13pro-p-1989314.html?cur_warehouse=CN&rmmds=CategoryPhonesPop&trace_id=c57a1763849111077,6.49,25,4.88,0.7519260400616332,6.49,122.0
Chargers & Cables,https://www.banggood.com/Wholesale-Chargers-and-Cables-ca-1052.html?bid=21070604&from=nav,120W USB-A to Type-C Cable with Digital Display Fast Charging Data Transmission Copper Core Line 1M/2M Long for iPhone 15 15 Plus for Huawei Pura 70 Ultra for Xiaomi Civi 4 Pro for Samsung Galaxy S24,US$4.74,4.75,110 reviews,https://www.banggood.com/120W-USB-A-to-Type-C-Cable-with-Digital-Display-Fast-Charging-Data-Transmission-Copper-Core-Line-1M-or-2M-Long-for-iPhone-15-15-Plus-for-Huawei-Pura-70-Ultra-for-Xiaomi-Civi-4-Pro-for-Samsung-Galaxy-S24-p-2018312.html?cur_warehouse=CN&ID=5673716327974&rmmds=CategoryPhonesPop&trace_id=c57a1763849111077,4.74,110,4.75,1.00210970464135,4.74,522.5
Chargers & Cables,https://www.banggood.com/Wholesale-Chargers-and-Cables-ca-1052.html?bid=21070604&from=nav,Transparent LED Display 240W USB4.0 40Gbps Type-C Male to Type-C Female OTG Adapter Support 8K@60Hz Screen Casting for iPhone 16 16 Pro 15 14 Pro Max Tablet Laptop TV,US$5.19,4.92,12 reviews,https://www.banggood.com/Transparent-LED-Display-240W-USB4_0-40Gbps-Type-C-Male-to-Type-C-Female-OTG-Adapter-Support-8K-at-60Hz-Screen-Casting-for-iPhone-16-16-Pro-15-14-Pro-Max-Tablet-Laptop-TV-p-2025403.html?cur_warehouse=CN&ID=6299642&rmmds=CategoryPhonesPop&trace_id=c57a1763849111077,5.19,12,4.92,0.9479768786127166,5.19,59.04
Chargers & Cables,https://www.banggood.com/Wholesale-Chargers-and-Cables-ca-1052.html?bid=21070604&from=nav,30W Wireless Charger Fast Wireless Charging Pad for Smart Phones for iPhone 16 15 14 13 Pro for Huawei Nova Flip for Xiaomi Civi 4 Pro for Airpods for Tablet,US$19.99,4.86,7 reviews,https://www.banggood.com/30W-Wireless-Charger-Fast-Wireless-Charging-Pad-for-Smart-Phones-for-iPhone-16-15-14-13-Pro-for-Huawei-Nova-Flip-for-Xiaomi-Civi-4-Pro-for-Airpods-for-Tablet-p-2022671.html?cur_warehouse=CN&ID=6287830&rmmds=CategoryPhonesPop&trace_id=c57a1763849111077,19.99,7,4.86,0.24312156078039024,19.99,34.02
Chargers & Cables,https://www.banggood.com/Wholesale-Chargers-and-Cables-ca-1052.html?bid=21070604&from=nav,Olaf 100W 2-Port USB PD Car Charger Adapter USB-A+Type-C Fast Charging for iPhone 12 13 14 14 Pro for Huawei Mate50 for Samsung Galaxy S23 for Redmi K60 for Oppo Reno9,US$5.62,4.91,23 reviews,https://www.banggood.com/Olaf-100W-2-Port-USB-PD-Car-Charger-Adapter-USB-A+Type-C-Fast-Charging-for-iPhone-12-13-14-14-Pro-for-Huawei-Mate50-for-Samsung-Galaxy-S23-for-Redmi-K60-for-Oppo-Reno9-p-1991379.html?cur_warehouse=CN&ID=6287830&rmmds=CategoryPhonesPop&trace_id=c57a1763849111077,5.62,23,4.91,0.8736654804270463,5.62,112.93
Chargers & Cables,https://www.banggood.com/Wholesale-Chargers-and-Cables-ca-1052.html?bid=21070604&from=nav,15W 10W 7.5W 5W Wireless Charger RGB Fast Wireless Charging Pad with 1M Cable for Qi-enabled Smart Phones for iPhone 15Pro Max/15 Pro/15 Plus/15 14 13 for Huawei Mate60 Pro for Xiaomi 13pro for Airpods,US$18.99,5.0,1 review,https://www.banggood.com/15W-10W-7_5W-5W-Wireless-Charger-RGB-Fast-Wireless-Charging-Pad-with-1M-Cable-for-Qi-enabled-Smart-Phones-for-iPhone-15Pro-Max-or-15-Pro-or-15-Plus-or-15-14-13-for-Huawei-Mate60-Pro-for-Xiaomi-13pro-for-Airpods-p-1999393.html?cur_warehouse=CN&ID=530122&rmmds=CategoryPhonesPop&trace_id=c57a1763849111077,18.99,1,5.0,0.26329647182727756,18.99,5.0
Chargers & Cables,https://www.banggood.com/Wholesale-Chargers-and-Cables-ca-1052.html?bid=21070604&from=nav,66W 4-Port USB PD Car Charger Adapter Dual 2.4A USB-A PD QC3.0 Fast Charging with Blue LED for iPhone 13 14 14 Pro Max for Huawei Mate50 for Samsung Galaxy S22 for Redmi K60 for OPPO Reno9,US$4.37,4.83,156 reviews,https://www.banggood.com/66W-4-Port-USB-PD-Car-Charger-Adapter-Dual-2_4A-USB-A-PD-QC3_0-Fast-Charging-with-Blue-LED-for-iPhone-13-14-14-Pro-Max-for-Huawei-Mate50-for-Samsung-Galaxy-S22-for-Redmi-K60-for-OPPO-Reno9-p-1980798.html?cur_warehouse=CN&ID=6322062&rmmds=CategoryPhonesPop&trace_id=c57a1763849111077,4.37,156,4.83,1.1052631578947367,4.37,753.48
Chargers & Cables,https://www.banggood.com/Wholesale-Chargers-and-Cables-ca-1052.html?bid=21070604&from=nav,Toocki 100W Type-C to Type-C Cable QC4.0 Fast Charging Data Transmission Thick Wire Core Line 0.5M/1M/2M Long for Huawei Mate50 for Xiaomi Mi13 for Samsung Galaxy Z Flip 4 for OPPO Reno8 for Pad Air4 10.9,US$4.29,4.9,105 reviews,https://www.banggood.com/Toocki-100W-Type-C-to-Type-C-Cable-QC4_0-Fast-Charging-Data-Transmission-Thick-Wire-Core-Line-0_5M-or-1M-or-2M-Long-for-Huawei-Mate50-for-Xiaomi-Mi13-for-Samsung-Galaxy-Z-Flip-4-for-OPPO-Reno8-for-Pad-Air4-10_9-p-1978722.html?cur_warehouse=CN&ID=5206785226616287830&rmmds=CategoryPhonesPop&trace_id=c57a1763849111077,4.29,105,4.9,1.1421911421911424,4.29,514.5
Chargers & Cables,https://www.banggood.com/Wholesale-Chargers-and-Cables-ca-1052.html?bid=21070604&from=nav,2in1 OTG Adapter USB3.0 to Type-C/Micro USB Adapter Converter for Mouse Keyboard Gamepad,US$4.99,5.0,8 reviews,https://www.banggood.com/2in1-OTG-Adapter-USB3_0-to-Type-C-or-Micro-USB-Adapter-Converter-for-Mouse-Keyboard-Gamepad-p-2008151.html?cur_warehouse=CN&ID=6287849&rmmds=CategoryPhonesPop&trace_id=c57a1763849111077,4.99,8,5.0,1.002004008016032,4.99,40.0
Chargers & Cables,https://www.banggood.com/Wholesale-Chargers-and-Cables-ca-1052.html?bid=21070604&from=nav,BTJ-W11 3-in-1 15W Magnetic Wireless Charger Fast Wireless Charging Stand for Smart Phones for iPhone 16 16 Pro 15 14 13 Pro Max for Huawei Mate XT for Xiaomi MIX Fold4 for Airpods for Apple Watch,US$21.99,5.0,2 reviews,https://www.banggood.com/BTJ-W11-3-in-1-15W-Magnetic-Wireless-Charger-Fast-Wireless-Charging-Stand-for-Smart-Phones-for-iPhone-16-16-Pro-15-14-13-Pro-Max-for-Huawei-Mate-XT-for-Xiaomi-MIX-Fold4-for-Airpods-for-Apple-Watch-p-2025049.html?cur_warehouse=CN&ID=6287830&rmmds=CategoryPhonesPop&trace_id=c57a1763849111077,21.99,2,5.0,0.22737608003638018,21.99,10.0
Chargers & Cables,https://www.banggood.com/Wholesale-Chargers-and-Cables-ca-1052.html?bid=21070604&from=nav,Baseus 30W 2-Port USB PD Car Charger Adapter USB-C+USB-C PD QC SCP FCP AFC Fast Charging for iPhone 16 16 Pro 15 14 13 Pro Max for Huawei Mate XT for Xiaomi MIX Fold4 for Samsung Galaxy Z Flip6,US$15.49,5.0,1 review,https://www.banggood.com/Baseus-30W-2-Port-USB-PD-Car-Charger-Adapter-USB-C+USB-C-PD-QC-SCP-FCP-AFC-Fast-Charging-for-iPhone-16-16-Pro-15-14-13-Pro-Max-for-Huawei-Mate-XT-for-Xiaomi-MIX-Fold4-for-Samsung-Galaxy-Z-Flip6-p-2024212.html?cur_warehouse=CN&ID=6290729&rmmds=CategoryPhonesPop&trace_id=c57a1763849111077,15.49,1,5.0,0.32278889606197547,15.49,5.0
Chargers & Cables,https://www.banggood.com/Wholesale-Chargers-and-Cables-ca-1052.html?bid=21070604&from=nav,10A 120W USB-A to Type-C Cable Fast Charging Data Transmission Tinned Copper Core Line 1M/2M Long for iPhone 15 15 Plus for Huawei Pura70 Ultra for Honor V40 for Xiaomi Civi4 Pro,US$3.70,4.92,36 reviews,https://www.banggood.com/10A-120W-USB-A-to-Type-C-Cable-Fast-Charging-Data-Transmission-Tinned-Copper-Core-Line-1M-or-2M-Long-for-iPhone-15-15-Plus-for-Huawei-Pura70-Ultra-for-Honor-V40-for-Xiaomi-Civi4-Pro-p-2013630.html?cur_warehouse=CN&ID=567370&rmmds=CategoryPhonesPop&trace_id=c57a1763849111077,3.7,36,4.92,1.3297297297297297,3.7,177.12
Chargers & Cables,https://www.banggood.com/Wholesale-Chargers-and-Cables-ca-1052.html?bid=21070604&from=nav,Bakeey 3-in-1 30W Foldable Wireless Charger Fast Magnetic Wireless Charging Stand for Smart Phones for iPhone 15 14 13 for Airpods for Apple Watch,US$18.99,4.8,10 reviews,https://www.banggood.com/Bakeey-3-in-1-30W-Foldable-Wireless-Charger-Fast-Magnetic-Wireless-Charging-Stand-for-Smart-Phones-for-iPhone-15-14-13-for-Airpods-for-Apple-Watch-p-2018704.html?cur_warehouse=CN&ID=6287830&rmmds=CategoryPhonesPop&trace_id=c57a1763849111077,18.99,10,4.8,0.25276461295418645,18.99,48.0
Chargers & Cables,https://www.banggood.com/Wholesale-Chargers-and-Cables-ca-1052.html?bid=21070604&from=nav,Baseus Enjoyment Pro 60W 1-Port USB Car Charger Built-in Retractable Type-C Cable Support QC3.0 2.0 PD3.0 2.0 SCP FCP PPS Fast Charging for iPhone 13 14 15 15 Pro for Samsung Galaxy S23 for Xiaomi 13pro for Oppo Reno9,US$19.94,5.0,8 reviews,https://www.banggood.com/Baseus-Enjoyment-Pro-60W-1-Port-USB-Car-Charger-Built-in-Retractable-Type-C-Cable-Support-QC3_0-2_0-PD3_0-2_0-SCP-FCP-PPS-Fast-Charging-for-iPhone-13-14-15-15-Pro-for-Samsung-Galaxy-S23-for-Xiaomi-13pro-for-Oppo-Reno9-p-1998304.html?cur_warehouse=CN&rmmds=CategoryPhonesPop&trace_id=c57a1763849111077,19.94,8,5.0,0.25075225677031093,19.94,40.0
Chargers & Cables,https://www.banggood.com/Wholesale-Chargers-and-Cables-ca-1052.html?bid=21070604&from=nav,[GaN Tech]Bakeey YMX-500W 500W 8-Port USB PD Charger 2USB-A+6USB-C PD QC Fast Charging Desktop Charging Station EU Plug US Plug for iPhone 16 16 Pro 15 14 13 Pro Max for Huawei Mate XT for Xiaomi 15pro for Samsung Galaxy Z Flip6,US$28.99,4.75,8 reviews,https://www.banggood.com/GaN-TechBakeey-YMX-500W-500W-8-Port-USB-PD-Charger-2USB-A+6USB-C-PD-QC-Fast-Charging-Desktop-Charging-Station-EU-Plug-US-Plug-for-iPhone-16-16-Pro-15-14-13-Pro-Max-for-Huawei-Mate-XT-for-Xiaomi-15pro-for-Samsung-Galaxy-Z-Flip6-p-2025801.html?cur_warehouse=CN&ID=557641&rmmds=CategoryPhonesPop&trace_id=c57a1763849111077,28.99,8,4.75,0.16384960331148674,28.99,38.0
Chargers & Cables,https://www.banggood.com/Wholesale-Chargers-and-Cables-ca-1052.html?bid=21070604&from=nav,7A USB-A to USB-C Cable Fast Charging Data Transmission Copper Core Line 1M/2M Long for Oneplus 11 10T 9 9R for Huawei Mate50 for Samsung Galaxy S23 for Redmi K60,US$3.60,4.94,31 reviews,https://www.banggood.com/7A-USB-A-to-USB-C-Cable-Fast-Charging-Data-Transmission-Copper-Core-Line-1M-or-2M-Long-for-Oneplus-11-10T-9-9R-for-Huawei-Mate50-for-Samsung-Galaxy-S23-for-Redmi-K60-p-1990824.html?cur_warehouse=CN&ID=45764&rmmds=CategoryPhonesPop&trace_id=c57a1763849111077,3.6,31,4.94,1.3722222222222222,3.6,153.14000000000001
Chargers & Cables,https://www.banggood.com/Wholesale-Chargers-and-Cables-ca-1052.html?bid=21070604&from=nav,UGreen US306 Type-C Male to USB2.0 Female OTG Adapter Converter for iPhone for Xiaomi for Samsung Mobile Phone Tablet,US$5.79,5.0,2 reviews,https://www.banggood.com/UGreen-US306-Type-C-Male-to-USB2_0-Female-OTG-Adapter-Converter-for-iPhone-for-Xiaomi-for-Samsung-Mobile-Phone-Tablet-p-2019887.html?cur_warehouse=CN&ID=6287830&rmmds=CategoryPhonesPop&trace_id=c57a1763849111077,5.79,2,5.0,0.8635578583765112,5.79,10.0
Kitchen Appliances,https://www.banggood.com/Wholesale-Kitchen-Appliances-ca-9065.html?bid=21070804&from=nav,TIMEMORE U French Press Coffee Maker 450ML Hand Filter Coffee Maker Tea Maker French Thermal Glass Hand Filter Coffee Pot,US$24.99,5.0,1 review,https://www.banggood.com/TIMEMORE-U-French-Press-Coffee-Maker-450ML-Hand-Filter-Coffee-Maker-Tea-Maker-French-Thermal-Glass-Hand-Filter-Coffee-Pot-p-2024997.html?cur_warehouse=CN&ID=6287830&rmmds=CategoryHomeAppliancesPop&trace_id=97921763849163056,24.99,1,5.0,0.20008003201280514,24.99,5.0
Kitchen Appliances,https://www.banggood.com/Wholesale-Kitchen-Appliances-ca-9065.html?bid=21070804&from=nav,Comfook Electric Vacuum Sealer Dry/Wet Food Sealed Packaging Kitchen Food Storage Seal UV Sterilization Built-in Cutter Knife,US$24.39,5.0,13 reviews,https://www.banggood.com/Comfook-Electric-Vacuum-Sealer-Dry-or-Wet-Food-Sealed-Packaging-Kitchen-Food-Storage-Seal-UV-Sterilization-Built-in-Cutter-Knife-p-2019108.html?cur_warehouse=CN&ID=47184&rmmds=CategoryHomeAppliancesPop&trace_id=97921763849163056,24.39,13,5.0,0.2050020500205002,24.39,65.0
Kitchen Appliances,https://www.banggood.com/Wholesale-Kitchen-Appliances-ca-9065.html?bid=21070804&from=nav,BlitzHome® SV2209 1100W Sous Vide Cooker APP Control Thermal Immersion Circulator Machine with Digital LED Display Time and Temperature Control,US$64.99,4.78,152 reviews,https://www.banggood.com/BlitzHome-SV2209-1100W-Sous-Vide-Cooker-APP-Control-Thermal-Immersion-Circulator-Machine-with-Digital-LED-Display-Time-and-Temperature-Control-p-1989535.html?cur_warehouse=CN&ID=471846237080&rmmds=CategoryHomeAppliancesPop&trace_id=97921763849163056,64.99,152,4.78,0.07354977688875212,64.99,726.5600000000001
Kitchen Appliances,https://www.banggood.com/Wholesale-Kitchen-Appliances-ca-9065.html?bid=21070804&from=nav,XIAOMI Mijia Electronic Scale Precision Electronic Scale High-Precision 1g to 3000g Kitchen Scale Household Small Baking Food Scale,US$27.53,5.0,1 review,https://www.banggood.com/XIAOMI-Mijia-Electronic-Scale-Precision-Electronic-Scale-High-Precision-1g-to-3000g-Kitchen-Scale-Household-Small-Baking-Food-Scale-p-2027876.html?cur_warehouse=CN&ID=6287830&rmmds=CategoryHomeAppliancesPop&trace_id=97921763849163056,27.53,1,5.0,0.18162005085361424,27.53,5.0
Kitchen Appliances,https://www.banggood.com/Wholesale-Kitchen-Appliances-ca-9065.html?bid=21070804&from=nav,Comfook Mini Portable Hand-Powered Espresso Coffee Machine Portable Hand Press Espresso Coffee Machine for Home Office Travel Outdoor,US$21.96,4.8,5 reviews,https://www.banggood.com/Comfook-Mini-Portable-Hand-Powered-Espresso-Coffee-Machine-Portable-Hand-Press-Espresso-Coffee-Machine-for-Home-Office-Travel-Outdoor-p-2020753.html?cur_warehouse=CN&ID=6287830&rmmds=CategoryHomeAppliancesPop&trace_id=97921763849163056,21.96,5,4.8,0.2185792349726776,21.96,24.0
Kitchen Appliances,https://www.banggood.com/Wholesale-Kitchen-Appliances-ca-9065.html?bid=21070804&from=nav,MHW-3BOMBER Electric Milk Frother Handheld Milk Foam Maker 304 Stainless Steel Handheld Egg Foamer Whisk for Home Kitchen,US$15.89,5.0,1 review,https://www.banggood.com/MHW-3BOMBER-Electric-Milk-Frother-Handheld-Milk-Foam-Maker-304-Stainless-Steel-Handheld-Egg-Foamer-Whisk-for-Home-Kitchen-p-2024999.html?cur_warehouse=CN&ID=6287830&rmmds=CategoryHomeAppliancesPop&trace_id=97921763849163056,15.89,1,5.0,0.3146633102580239,15.89,5.0
Kitchen Appliances,https://www.banggood.com/Wholesale-Kitchen-Appliances-ca-9065.html?bid=21070804&from=nav,Bincoo 400ML/600ML Espresso Cup for Latte Art With Temperature Display Stainless Steel Latte Art Cup Professional Milk Foam Cup,US$12.99,4.67,3 reviews,https://www.banggood.com/Bincoo-400ML-or-600ML-Espresso-Cup-for-Latte-Art-With-Temperature-Display-Stainless-Steel-Latte-Art-Cup-Professional-Milk-Foam-Cup-p-2018918.html?cur_warehouse=CN&ID=48415&rmmds=CategoryHomeAppliancesPop&trace_id=97921763849163056,12.99,3,4.67,0.35950731331793684,12.99,14.01
Kitchen Appliances,https://www.banggood.com/Wholesale-Kitchen-Appliances-ca-9065.html?bid=21070804&from=nav,Bincoo Digital Spoon Scale High-precision 0.1g~500g Switchable Stainless Steel Measuring Spoon Baking Food Electronic Kitchen Scale,US$9.99,4.64,11 reviews,https://www.banggood.com/Bincoo-Digital-Spoon-Scale-High-precision-0_1g~500g-Switchable-Stainless-Steel-Measuring-Spoon-Baking-Food-Electronic-Kitchen-Scale-p-2019107.html?cur_warehouse=CN&ID=6287830&rmmds=CategoryHomeAppliancesPop&trace_id=97921763849163056,9.99,11,4.64,0.46446446446446443,9.99,51.04
Kitchen Appliances,https://www.banggood.com/Wholesale-Kitchen-Appliances-ca-9065.html?bid=21070804&from=nav,XIAOMI Mijia Electric Red Wine Bottle Opener Wine Opener Household Multi-Function Screwdriver Automatic Wine Bottle Opener Cap Opener Kitchen,US$23.49,,0 review,https://www.banggood.com/XIAOMI-Mijia-Electric-Red-Wine-Bottle-Opener-Wine-Opener-Household-Multi-Function-Screwdriver-Automatic-Wine-Bottle-Opener-Cap-Opener-Kitchen-p-2027877.html?cur_warehouse=CN&ID=6287830&rmmds=CategoryHomeAppliancesPop&trace_id=97921763849163056,23.49,0,,,23.49,
Kitchen Appliances,https://www.banggood.com/Wholesale-Kitchen-Appliances-ca-9065.html?bid=21070804&from=nav,"Portable Electric Milk Frother USB Rechargeable Egg Beater Matcha Frother Coffee Cappuccino, Latte, Protein Powder, Matcha Mixer",US$16.79,4.0,2 reviews,"https://www.banggood.com/Portable-Electric-Milk-Frother-USB-Rechargeable-Egg-Beater-Matcha-Frother-Coffee-Cappuccino,Latte,Protein-Powder,Matcha-Mixer-p-2019103.html?cur_warehouse=CN&ID=6287853&rmmds=CategoryHomeAppliancesPop&trace_id=97921763849163056",16.79,2,4.0,0.23823704586063135,16.79,8.0
Kitchen Appliances,https://www.banggood.com/Wholesale-Kitchen-Appliances-ca-9065.html?bid=21070804&from=nav,Touch Control Digital Coffee Scale Electronic Scale Gram Scale With Timer 3kg Kitchen Scale for Hand Brew Home Bar,US$24.09,5.0,1 review,https://www.banggood.com/Touch-Control-Digital-Coffee-Scale-Electronic-Scale-Gram-Scale-With-Timer-3kg-Kitchen-Scale-for-Hand-Brew-Home-Bar-p-2022037.html?cur_warehouse=CN&ID=6287830&rmmds=CategoryHomeAppliancesPop&trace_id=97921763849163056,24.09,1,5.0,0.20755500207555003,24.09,5.0
Kitchen Appliances,https://www.banggood.com/Wholesale-Kitchen-Appliances-ca-9065.html?bid=21070804&from=nav,1PC Baking Tray Silicone Tray for Air Fryer Oven Fried Chicken Pizza Mat Oilless Silicone Pan Air Fryer Accessories,US$6.99,4.67,3 reviews,https://www.banggood.com/1PC-Baking-Tray-Silicone-Tray-for-Air-Fryer-Oven-Fried-Chicken-Pizza-Mat-Oilless-Silicone-Pan-Air-Fryer-Accessories-p-2008359.html?cur_warehouse=CN&ID=6287836&rmmds=CategoryHomeAppliancesPop&trace_id=97921763849163056,6.99,3,4.67,0.6680972818311873,6.99,14.01
Kitchen Appliances,https://www.banggood.com/Wholesale-Kitchen-Appliances-ca-9065.html?bid=21070804&from=nav,Handheld Milk Frother Automatic Electric Cream Mixer Handheld Egg Mixer Portable Foam Maker Compact Whisk Drink Mixer Mini Foamer for Cappuccino Coffee,US$8.99,5.0,2 reviews,https://www.banggood.com/Handheld-Milk-Frother-Automatic-Electric-Cream-Mixer-Handheld-Egg-Mixer-Portable-Foam-Maker-Compact-Whisk-Drink-Mixer-Mini-Foamer-for-Cappuccino-Coffee-p-2020988.html?cur_warehouse=CN&ID=6287830&rmmds=CategoryHomeAppliancesPop&trace_id=97921763849163056,8.99,2,5.0,0.5561735261401557,8.99,10.0
Kitchen Appliances,https://www.banggood.com/Wholesale-Kitchen-Appliances-ca-9065.html?bid=21070804&from=nav,Mason Jar Sealing Machine 1200mAh Mini Vacuum Sealer Electric Mason Jar Vacuum Sealer Kit Cordless Mason Jars Wide Mouth and Regular Mouth Food Storage,US$27.99,,0 review,https://www.banggood.com/Mason-Jar-Sealing-Machine-1200mAh-Mini-Vacuum-Sealer-Electric-Mason-Jar-Vacuum-Sealer-Kit-Cordless-Mason-Jars-Wide-Mouth-and-Regular-Mouth-Food-Storage-p-2018300.html?cur_warehouse=CN&ID=6287830&rmmds=CategoryHomeAppliancesPop&trace_id=97921763849163056,27.99,0,,,27.99,
Kitchen Appliances,https://www.banggood.com/Wholesale-Kitchen-Appliances-ca-9065.html?bid=21070804&from=nav,Multifunctional 3 In 1 Garlic Press Portable Manual Operation Mincer Garlic Slicer Environmentally Friendly Material Can Opener,US$7.59,5.0,2 reviews,https://www.banggood.com/Multifunctional-3-In-1-Garlic-Press-Portable-Manual-Operation-Mincer-Garlic-Slicer-Environmentally-Friendly-Material-Can-Opener-p-2021121.html?cur_warehouse=CN&ID=6287845&rmmds=CategoryHomeAppliancesPop&trace_id=97921763849163056,7.59,2,5.0,0.6587615283267457,7.59,10.0
Kitchen Appliances,https://www.banggood.com/Wholesale-Kitchen-Appliances-ca-9065.html?bid=21070804&from=nav,Comfook High Precision Kitchen Scale LCD Electronic Measuring Digital Display 10kg Portable Baking Scales Milk Coffee bean Weight Tools,US$8.49,4.95,19 reviews,https://www.banggood.com/Comfook-High-Precision-Kitchen-Scale-LCD-Electronic-Measuring-Digital-Display-10kg-Portable-Baking-Scales-Milk-Coffee-bean-Weight-Tools-p-2014644.html?cur_warehouse=CN&ID=534280&rmmds=CategoryHomeAppliancesPop&trace_id=97921763849163056,8.49,19,4.95,0.5830388692579506,8.49,94.05
Kitchen Appliances,https://www.banggood.com/Wholesale-Kitchen-Appliances-ca-9065.html?bid=21070804&from=nav,MHW-3BOMBER Coffee Dosing Funnel Aluminum Alloy Blind Shaker Fits 51-54/58mm Handle Espresso Dosing Cup Home Barista Tools,US$21.19,,0 review,https://www.banggood.com/MHW-3BOMBER-Coffee-Dosing-Funnel-Aluminum-Alloy-Blind-Shaker-Fits-51-54-or-58mm-Handle-Espresso-Dosing-Cup-Home-Barista-Tools-p-2027264.html?cur_warehouse=CN&ID=62878366320664&rmmds=CategoryHomeAppliancesPop&trace_id=97921763849163056,21.19,0,,,21.19,
Kitchen Appliances,https://www.banggood.com/Wholesale-Kitchen-Appliances-ca-9065.html?bid=21070804&from=nav,Portable Bag Heat Sealer Plastic Package Storage Bag White Mini Home Sealing Clip Food Snack Fruit Fresh Keeping Gadgets,US$5.99,5.0,1 review,https://www.banggood.com/Portable-Bag-Heat-Sealer-Plastic-Package-Storage-Bag-White-Mini-Home-Sealing-Clip-Food-Snack-Fruit-Fresh-Keeping-Gadgets-p-2018586.html?cur_warehouse=CN&ID=6287845&rmmds=CategoryHomeAppliancesPop&trace_id=97921763849163056,5.99,1,5.0,0.8347245409015025,5.99,5.0
Kitchen Appliances,https://www.banggood.com/Wholesale-Kitchen-Appliances-ca-9065.html?bid=21070804&from=nav,"Electronic Digital Timer with Magnetic Suction, Simplified, Circular Rotation, Cooking, Learning, Exercise Time Management, Silent",US$7.99,,0 review,"https://www.banggood.com/Electronic-Digital-Timer-with-Magnetic-Suction,Simplified,Circular-Rotation,Cooking,Learning,Exercise-Time-Management,Silent-p-2020669.html?cur_warehouse=CN&ID=6308406&rmmds=CategoryHomeAppliancesPop&trace_id=97921763849163056",7.99,0,,,7.99,
Kitchen Appliances,https://www.banggood.com/Wholesale-Kitchen-Appliances-ca-9065.html?bid=21070804&from=nav,WACACO Minipresso NS2 18Bar Portable Espresso Maker Compatible with NS Original Capsules Manually Operated Small Handheld Coffee Machine for Travel Camping,US$54.99,5.0,1 review,https://www.banggood.com/WACACO-Minipresso-NS2-18Bar-Portable-Espresso-Maker-Compatible-with-NS-Original-Capsules-Manually-Operated-Small-Handheld-Coffee-Machine-for-Travel-Camping-p-2020787.html?cur_warehouse=CN&ID=6287837&rmmds=CategoryHomeAppliancesPop&trace_id=97921763849163056,54.99,1,5.0,0.09092562284051646,54.99,5.0
Kitchen Appliances,https://www.banggood.com/Wholesale-Kitchen-Appliances-ca-9065.html?bid=21070804&from=nav,USB Rechargeable Handheld Egg Beater Electric Milk Frother Foam Maker Mixer Coffee Drink Frothing Wand Foamer,US$12.99,,0 review,https://www.banggood.com/USB-Rechargeable-Handheld-Egg-Beater-Electric-Milk-Frother-Foam-Maker-Mixer-Coffee-Drink-Frothing-Wand-Foamer-p-2019101.html?cur_warehouse=CN&ID=6287830&rmmds=CategoryHomeAppliancesPop&trace_id=97921763849163056,12.99,0,,,12.99,
Kitchen Appliances,https://www.banggood.com/Wholesale-Kitchen-Appliances-ca-9065.html?bid=21070804&from=nav,800g/1g Kitchen Scale Spoon Measuring Spoon Cup Portable with LED Display Pet Food Weighing Cup for Dogs and Cats Feeding Bowl,US$8.99,,0 review,https://www.banggood.com/800g-or-1g-Kitchen-Scale-Spoon-Measuring-Spoon-Cup-Portable-with-LED-Display-Pet-Food-Weighing-Cup-for-Dogs-and-Cats-Feeding-Bowl-p-2022068.html?cur_warehouse=CN&ID=6287845&rmmds=CategoryHomeAppliancesPop&trace_id=97921763849163056,8.99,0,,,8.99,
Kitchen Appliances,https://www.banggood.com/Wholesale-Kitchen-Appliances-ca-9065.html?bid=21070804&from=nav,Portable Juicer Blender 350ml With 10 Blades Electric Fruit Juicer USB Charging Lemon Orange Fruit Juicing Cup Smoothie Blender Machine,US$29.99,,0 review,https://www.banggood.com/Portable-Juicer-Blender-350ml-With-10-Blades-Electric-Fruit-Juicer-USB-Charging-Lemon-Orange-Fruit-Juicing-Cup-Smoothie-Blender-Machine-p-2018080.html?cur_warehouse=CN&ID=6287845&rmmds=CategoryHomeAppliancesPop&trace_id=97921763849163056,29.99,0,,,29.99,
Kitchen Appliances,https://www.banggood.com/Wholesale-Kitchen-Appliances-ca-9065.html?bid=21070804&from=nav,Portable Mini Pocket Electronic Kitchen Scale Digital Pocket Scale 500g Capacity High Precision Balance of 0.01g/0.1g Mini Electronic Grams Reloading Weight Scale Food Scale,US$7.99,5.0,8 reviews,https://www.banggood.com/Portable-Mini-Pocket-Electronic-Kitchen-Scale-Digital-Pocket-Scale-500g-Capacity-High-Precision-Balance-of-0_01g-or-0_1g-Mini-Electronic-Grams-Reloading-Weight-Scale-Food-Scale-p-2022050.html?cur_warehouse=CN&ID=515244&rmmds=CategoryHomeAppliancesPop&trace_id=97921763849163056,7.99,8,5.0,0.6257822277847309,7.99,40.0
Kitchen Appliances,https://www.banggood.com/Wholesale-Kitchen-Appliances-ca-9065.html?bid=21070804&from=nav,Automatic Magnetic Kitchen Timer Multifunctional Kitchen Timer Magnetic Digital Timer Loud Alarm Time Management Tool Countdown,US$6.99,5.0,1 review,https://www.banggood.com/Automatic-Magnetic-Kitchen-Timer-Multifunctional-Kitchen-Timer-Magnetic-Digital-Timer-Loud-Alarm-Time-Management-Tool-Countdown-p-2027009.html?cur_warehouse=CN&ID=6287830&rmmds=CategoryHomeAppliancesPop&trace_id=97921763849163056,6.99,1,5.0,0.7153075822603719,6.99,5.0
Kitchen Appliances,https://www.banggood.com/Wholesale-Kitchen-Appliances-ca-9065.html?bid=21070804&from=nav,Bincoo Portable Mini Sealer 3000mAH Rechargeable for Hanging Ear Coffee Snacks Teabags,US$27.19,5.0,1 review,https://www.banggood.com/Bincoo-Portable-Mini-Sealer-3000mAH-Rechargeable-for-Hanging-Ear-Coffee-Snacks-Teabags-p-2020803.html?cur_warehouse=CN&ID=6287830&rmmds=CategoryHomeAppliancesPop&trace_id=97921763849163056,27.19,1,5.0,0.18389113644722324,27.19,5.0
Kitchen Appliances,https://www.banggood.com/Wholesale-Kitchen-Appliances-ca-9065.html?bid=21070804&from=nav,Electric Mason Jar Vacuum Sealer Kit Compatible with Wide-Mouth & Regular-Mouth Mason Jars Canning Vacuum Sealer for Food Storage Vacuum Sealer,US$19.99,,0 review,https://www.banggood.com/Electric-Mason-Jar-Vacuum-Sealer-Kit-Compatible-with-Wide-Mouth-and-Regular-Mouth-Mason-Jars-Canning-Vacuum-Sealer-for-Food-Storage-Vacuum-Sealer-p-2016627.html?cur_warehouse=CN&rmmds=CategoryHomeAppliancesPop&trace_id=97921763849163056,19.99,0,,,19.99,
Kitchen Appliances,https://www.banggood.com/Wholesale-Kitchen-Appliances-ca-9065.html?bid=21070804&from=nav,Extremely Fast Hot and Cold Cup Electric Summer Drink Cooler Kettle Drink Quick Cooling Cup Home Office Cold Drink Machine,US$45.99,5.0,2 reviews,https://www.banggood.com/Extremely-Fast-Hot-and-Cold-Cup-Electric-Summer-Drink-Cooler-Kettle-Drink-Quick-Cooling-Cup-Home-Office-Cold-Drink-Machine-p-1995022.html?cur_warehouse=CN&rmmds=CategoryHomeAppliancesPop&trace_id=97921763849163056,45.99,2,5.0,0.10871928680147858,45.99,10.0
Kitchen Appliances,https://www.banggood.com/Wholesale-Kitchen-Appliances-ca-9065.html?bid=21070804&from=nav,Multifunctional Cordless Fruit And Vegetable Cleaning Purifier Food Cleaning Machine Sterilization And Pesticide Removal Disinfection Machine,US$26.99,,0 review,https://www.banggood.com/Multifunctional-Cordless-Fruit-And-Vegetable-Cleaning-Purifier-Food-Cleaning-Machine-Sterilization-And-Pesticide-Removal-Disinfection-Machine-p-2033960.html?cur_warehouse=CN&ID=6299130&rmmds=CategoryHomeAppliancesPop&trace_id=97921763849163056,26.99,0,,,26.99,
Kitchen Appliances,https://www.banggood.com/Wholesale-Kitchen-Appliances-ca-9065.html?bid=21070804&from=nav,CAFELFFE 3 -in-1 Portable Coffee Machine Hot/Cold Water Manual Espresso Maker For Capsule & Ground Hand Press Brewer Hiking Travel,US$41.99,,0 review,https://www.banggood.com/CAFELFFE-3-in-1-Portable-Coffee-Machine-Hot-or-Cold-Water-Manual-Espresso-Maker-For-Capsule-and-Ground-Hand-Press-Brewer-Hiking-Travel-p-2039382.html?cur_warehouse=CN&ID=6287845&rmmds=CategoryHomeAppliancesPop&trace_id=97921763849163056,41.99,0,,,41.99,
"Jewelry,Watches & Accessories","https://www.banggood.com/Wholesale-Jewelry,Watches-and-Accessories-ca-8001.html?bid=21071105&from=nav",CURREN Men Sport Watch Leather Strap Quartz Watch 30M Waterproof Male Wrist Watch Multi-function Chronograph Watch,£15.48,5.0,4 reviews,https://www.banggood.com/CURREN-Men-Sport-Watch-Leather-Strap-Quartz-Watch-30M-Waterproof-Male-Wrist-Watch-Multi-function-Chronograph-Watch-p-2023268.html?cur_warehouse=CN&ID=6287835&rmmds=CategoryJewelryPop&trace_id=a5131763849710776,15.48,4,5.0,0.25839793281653745,19.35,20.0
"Jewelry,Watches & Accessories","https://www.banggood.com/Wholesale-Jewelry,Watches-and-Accessories-ca-8001.html?bid=21071105&from=nav",CURREN Chronograph Men Watch Casual Sports Fashion Calendar Analog Genuine Leather Wrist Watch,£15.48,4.89,9 reviews,https://www.banggood.com/CURREN-Chronograph-Men-Watch-Casual-Sports-Fashion-Calendar-Analog-Genuine-Leather-Wrist-Watch-p-2023267.html?cur_warehouse=CN&ID=6287832&rmmds=CategoryJewelryPop&trace_id=a5131763849710776,15.48,9,4.89,0.2527131782945736,19.35,44.01
"Jewelry,Watches & Accessories","https://www.banggood.com/Wholesale-Jewelry,Watches-and-Accessories-ca-8001.html?bid=21071105&from=nav",[World Premiere]Zeblaze Stratos 2 Ultra 1.43 HD AMOLED GPS 10 ATM Waterproof Barometric Altimeter Compass 60 days Battery Life GPS Dual-band GNSS 6 Satellite Positioning System Health Management Ultimate Outdoor Smart Watch,£38.70,4.86,235 reviews,https://www.banggood.com/World-PremiereZeblaze-Stratos-2-Ultra-1_43-HD-AMOLED-GPS-10-ATM-Waterproof-Barometric-Altimeter-Compass-60-days-Battery-Life-GPS-Dual-band-GNSS-6-Satellite-Positioning-System-Health-Management-Ultimate-Outdoor-Smart-Watch-p-2020824.html?cur_warehouse=CN&ID=6287853&rmmds=CategoryJewelryPop&trace_id=a5131763849710776,38.7,235,4.86,0.10046511627906977,48.375,1142.1000000000001
"Jewelry,Watches & Accessories","https://www.banggood.com/Wholesale-Jewelry,Watches-and-Accessories-ca-8001.html?bid=21071105&from=nav",ET585 2.04inch AMOLED Display PPG+ECG Micro-physical Examination Function HRV Detection Heart Rate Blood Pressure Blood Oxygen Monitor Sleep Monitoring Blood Sugar Blood Component BMI Measurement Meto NFC Music Playback Waterproof Smart Watch,£23.22,4.69,132 reviews,https://www.banggood.com/ET585-2_04inch-AMOLED-Display-PPG+ECG-Micro-physical-Examination-Function-HRV-Detection-Heart-Rate-Blood-Pressure-Blood-Oxygen-Monitor-Sleep-Monitoring-Blood-Sugar-Blood-Component-BMI-Measurement-Meto-NFC-Music-Playback-Waterproof-Smart-Watch-p-2018697.html?cur_warehouse=CN&ID=6287842&rmmds=CategoryJewelryPop&trace_id=a5131763849710776,23.22,132,4.69,0.16158484065460813,29.025,619.08
"Jewelry,Watches & Accessories","https://www.banggood.com/Wholesale-Jewelry,Watches-and-Accessories-ca-8001.html?bid=21071105&from=nav",Zeblaze Stratos 2 Plus 1.43 inch AMOLED GPS Health and Fitness Barometric Altimeter Compass 3 ATM Waterproof Smart Watch,£30.96,,0 review,https://www.banggood.com/Zeblaze-Stratos-2-Plus-1_43-inch-AMOLED-GPS-Health-and-Fitness-Barometric-Altimeter-Compass-3-ATM-Waterproof-Smart-Watch-p-2025436.html?cur_warehouse=CN&ID=6287830&rmmds=CategoryJewelryPop&trace_id=a5131763849710776,30.96,0,,,38.7,
"Jewelry,Watches & Accessories","https://www.banggood.com/Wholesale-Jewelry,Watches-and-Accessories-ca-8001.html?bid=21071105&from=nav",[World Premiere]Zeblaze Lily 2 1.2inch AMOLED Double Straps bluetooth Call Heart Rate Blood Pressure Blood Oxygen Monitor Sleep Monitoring Breathe Training Women's Health Multi-sport Modes IP68 Waterproof Smart Watch,£26.31,5.0,9 reviews,https://www.banggood.com/World-PremiereZeblaze-Lily-2-1_2inch-AMOLED-Double-Straps-bluetooth-Call-Heart-Rate-Blood-Pressure-Blood-Oxygen-Monitor-Sleep-Monitoring-Breathe-Training-Womens-Health-Multi-sport-Modes-IP68-Waterproof-Smart-Watch-p-2027349.html?cur_warehouse=CN&ID=6287840&rmmds=CategoryJewelryPop&trace_id=a5131763849710776,26.31,9,5.0,0.15203344735841884,32.8875,45.0
"Jewelry,Watches & Accessories","https://www.banggood.com/Wholesale-Jewelry,Watches-and-Accessories-ca-8001.html?bid=21071105&from=nav","3 PCS Watch Repair Tool Set Watch Wrench Back Remover Tool Adjustable Opener Back Case Remover Watch Case Back Opener Set Repair Remover Holder Base, Tweezers",£6.42,4.75,4 reviews,"https://www.banggood.com/3-PCS-Watch-Repair-Tool-Set-Watch-Wrench-Back-Remover-Tool-Adjustable-Opener-Back-Case-Remover-Watch-Case-Back-Opener-Set-Repair-Remover-Holder-Base,Tweezers-p-2024898.html?cur_warehouse=CN&ID=6294753&rmmds=CategoryJewelryPop&trace_id=a5131763849710776",6.42,4,4.75,0.5919003115264797,8.025,19.0
"Jewelry,Watches & Accessories","https://www.banggood.com/Wholesale-Jewelry,Watches-and-Accessories-ca-8001.html?bid=21071105&from=nav",Original Zeblaze 22mm Silicone Replacement Strap for Zeblaze Smart Watch 22mm Width,£8.51,5.0,19 reviews,https://www.banggood.com/Original-Zeblaze-22mm-Silicone-Replacement-Strap-for-Zeblaze-Smart-Watch-22mm-Width-p-1994448.html?cur_warehouse=CN&ID=6287844&rmmds=CategoryJewelryPop&trace_id=a5131763849710776,8.51,19,5.0,0.47003525264394835,10.6375,95.0
"Jewelry,Watches & Accessories","https://www.banggood.com/Wholesale-Jewelry,Watches-and-Accessories-ca-8001.html?bid=21071105&from=nav","CURREN Business Men Watch Steel Band Multifunctional Chronograph Wristwatch Waterproof Round Watch, Ideal choice for Gifts",£17.80,5.0,10 reviews,"https://www.banggood.com/CURREN-Business-Men-Watch-Steel-Band-Multifunctional-Chronograph-Wristwatch-Waterproof-Round-Watch,Ideal-choice-for-Gifts-p-2023596.html?cur_warehouse=CN&ID=6288936&rmmds=CategoryJewelryPop&trace_id=a5131763849710776",17.8,10,5.0,0.2247191011235955,22.25,50.0
"Jewelry,Watches & Accessories","https://www.banggood.com/Wholesale-Jewelry,Watches-and-Accessories-ca-8001.html?bid=21071105&from=nav","11pcs Watch Link Removal Tool Kit Watch Band Tool Chain Pin Remover Repair Tool Kit for Watch Band Adjustment Watch, Watch Bracelet Sizing And Watch Repair",£5.64,4.75,4 reviews,"https://www.banggood.com/11pcs-Watch-Link-Removal-Tool-Kit-Watch-Band-Tool-Chain-Pin-Remover-Repair-Tool-Kit-for-Watch-Band-Adjustment-Watch,Watch-Bracelet-Sizing-And-Watch-Repair-p-2025013.html?cur_warehouse=CN&ID=6287830&rmmds=CategoryJewelryPop&trace_id=a5131763849710776",5.64,4,4.75,0.6737588652482269,7.05,19.0
"Jewelry,Watches & Accessories","https://www.banggood.com/Wholesale-Jewelry,Watches-and-Accessories-ca-8001.html?bid=21071105&from=nav","CRRJU Watches Men Simple Dial Bright Needle Wristwatch Waterproof Male Round Fashion Quartz Watch with a Box, Ideal Choice for Gifts",£11.60,4.94,219 reviews,"https://www.banggood.com/CRRJU-Watches-Men-Simple-Dial-Bright-Needle-Wristwatch-Waterproof-Male-Round-Fashion-Quartz-Watch-with-a-Box,Ideal-Choice-for-Gifts-p-2021753.html?cur_warehouse=CN&ID=6287832&rmmds=CategoryJewelryPop&trace_id=a5131763849710776",11.6,219,4.94,0.34068965517241384,14.5,1081.8600000000001
"Jewelry,Watches & Accessories","https://www.banggood.com/Wholesale-Jewelry,Watches-and-Accessories-ca-8001.html?bid=21071105&from=nav",22mm Quick Release Steel Mesh Belt Replacement Strap for Zeblaze Smart Watch,£4.25,4.89,9 reviews,https://www.banggood.com/22mm-Quick-Release-Steel-Mesh-Belt-Replacement-Strap-for-Zeblaze-Smart-Watch-p-2004983.html?cur_warehouse=CN&ID=6287830&rmmds=CategoryJewelryPop&trace_id=a5131763849710776,4.25,9,4.89,0.920470588235294,5.3125,44.01
"Jewelry,Watches & Accessories","https://www.banggood.com/Wholesale-Jewelry,Watches-and-Accessories-ca-8001.html?bid=21071105&from=nav",CRRJU Luxury Men's Business Watches Fashion Stainless Steel Quartz Watches Auto Date Luminous Steel Bracelet Wristwatch,£12.61,4.91,11 reviews,https://www.banggood.com/CRRJU-Luxury-Mens-Business-Watches-Fashion-Stainless-Steel-Quartz-Watches-Auto-Date-Luminous-Steel-Bracelet-Wristwatch-p-2023169.html?cur_warehouse=CN&ID=6316362&rmmds=CategoryJewelryPop&trace_id=a5131763849710776,12.61,11,4.91,0.31149881046788264,15.7625,54.010000000000005
"Jewelry,Watches & Accessories","https://www.banggood.com/Wholesale-Jewelry,Watches-and-Accessories-ca-8001.html?bid=21071105&from=nav",22mm Multi-color Hand-sewn Retro Cow Leather Smart Watch Band Replacement Strap,£7.73,4.5,2 reviews,https://www.banggood.com/22mm-Multi-color-Hand-sewn-Retro-Cow-Leather-Smart-Watch-Band-Replacement-Strap-p-2010132.html?cur_warehouse=CN&ID=6326037&rmmds=CategoryJewelryPop&trace_id=a5131763849710776,7.73,2,4.5,0.4657179818887452,9.6625,9.0
"Jewelry,Watches & Accessories","https://www.banggood.com/Wholesale-Jewelry,Watches-and-Accessories-ca-8001.html?bid=21071105&from=nav",BlitzWolf® BW-AT5 1.43 inch AMOLED 466*466 pixel Altitude Barometer Compass Full Touch Plus 5 Buttons Health Monitoring bluetooth Call Outdoor Sports Smart Watch,£23.22,4.7,63 reviews,https://www.banggood.com/BlitzWolf-BW-AT5-1_43-inch-AMOLED-466+466-pixel-Altitude-Barometer-Compass-Full-Touch-Plus-5-Buttons-Health-Monitoring-bluetooth-Call-Outdoor-Sports-Smart-Watch-p-2017249.html?cur_warehouse=CN&ID=6287830&rmmds=CategoryJewelryPop&trace_id=a5131763849710776,23.22,63,4.7,0.16192937123169682,29.025,296.1
"Jewelry,Watches & Accessories","https://www.banggood.com/Wholesale-Jewelry,Watches-and-Accessories-ca-8001.html?bid=21071105&from=nav",LIGE Men's Sport Watches Big Dial Chronograph Watches Multifunctional Business Casual Quartz Watch Mens Waterproof Chronograph Wristwatches,£27.86,5.0,2 reviews,https://www.banggood.com/LIGE-Mens-Sport-Watches-Big-Dial-Chronograph-Watches-Multifunctional-Business-Casual-Quartz-Watch-Mens-Waterproof-Chronograph-Wristwatches-p-2025015.html?cur_warehouse=CN&ID=6326832&rmmds=CategoryJewelryPop&trace_id=a5131763849710776,27.86,2,5.0,0.14357501794687724,34.825,10.0
"Jewelry,Watches & Accessories","https://www.banggood.com/Wholesale-Jewelry,Watches-and-Accessories-ca-8001.html?bid=21071105&from=nav",NAVIFORCE Men Multifunctional Quartz Watch Fashion Genuine Leather Strap Sports Watch Exquisite Waterproof Wristwatches for Men's Gift,£21.13,5.0,11 reviews,https://www.banggood.com/NAVIFORCE-Men-Multifunctional-Quartz-Watch-Fashion-Genuine-Leather-Strap-Sports-Watch-Exquisite-Waterproof-Wristwatches-for-Mens-Gift-p-2024880.html?cur_warehouse=CN&ID=6287830&rmmds=CategoryJewelryPop&trace_id=a5131763849710776,21.13,11,5.0,0.1893043066729768,26.4125,55.0
"Jewelry,Watches & Accessories","https://www.banggood.com/Wholesale-Jewelry,Watches-and-Accessories-ca-8001.html?bid=21071105&from=nav",LOKMAT G0041 22mm Multi-color Silicone Replacement Strap for LOKMAT Smart Watch 22mm Width,£7.73,5.0,6 reviews,https://www.banggood.com/LOKMAT-G0041-22mm-Multi-color-Silicone-Replacement-Strap-for-LOKMAT-Smart-Watch-22mm-Width-p-1998280.html?cur_warehouse=CN&ID=6287830&rmmds=CategoryJewelryPop&trace_id=a5131763849710776,7.73,6,5.0,0.517464424320828,9.6625,30.0
"Jewelry,Watches & Accessories","https://www.banggood.com/Wholesale-Jewelry,Watches-and-Accessories-ca-8001.html?bid=21071105&from=nav",[2024 World Premiere]New Zeblaze Btalk 3 Plus 1.39 inch Large HD Color Display Fitness Tracking HiFi bluetooth Phone Calls Health and Fitness Tracking Smart Watch,£38.70,4.78,158 reviews,https://www.banggood.com/2024-World-PremiereNew-Zeblaze-Btalk-3-Plus-1_39-inch-Large-HD-Color-Display-Fitness-Tracking-HiFi-bluetooth-Phone-Calls-Health-and-Fitness-Tracking-Smart-Watch-p-2013717.html?cur_warehouse=CN&ID=6287830&rmmds=CategoryJewelryPop&trace_id=a5131763849710776,38.7,158,4.78,0.09881136950904393,48.375,755.24
"Jewelry,Watches & Accessories","https://www.banggood.com/Wholesale-Jewelry,Watches-and-Accessories-ca-8001.html?bid=21071105&from=nav",SKMEI Men's Quartz Watch Waterproof Small Dial Date Calendar Simple Fashion Sports Watch for Men Women,£11.84,4.67,3 reviews,https://www.banggood.com/SKMEI-Mens-Quartz-Watch-Waterproof-Small-Dial-Date-Calendar-Simple-Fashion-Sports-Watch-for-Men-Women-p-2023456.html?cur_warehouse=CN&ID=6287830&rmmds=CategoryJewelryPop&trace_id=a5131763849710776,11.84,3,4.67,0.31554054054054054,14.8,14.01
"Jewelry,Watches & Accessories","https://www.banggood.com/Wholesale-Jewelry,Watches-and-Accessories-ca-8001.html?bid=21071105&from=nav",NAVIFORCE Men Casual Sport Watch Calendar Quartz Wrist Watch Waterproof Shock Resistant Men Watches Leather Strap,£13.54,5.0,1 review,https://www.banggood.com/NAVIFORCE-Men-Casual-Sport-Watch-Calendar-Quartz-Wrist-Watch-Waterproof-Shock-Resistant-Men-Watches-Leather-Strap-p-2025816.html?cur_warehouse=CN&ID=6287836&rmmds=CategoryJewelryPop&trace_id=a5131763849710776,13.54,1,5.0,0.2954209748892172,16.924999999999997,5.0
"Jewelry,Watches & Accessories","https://www.banggood.com/Wholesale-Jewelry,Watches-and-Accessories-ca-8001.html?bid=21071105&from=nav",CRRJU Men's Watches Luxury Fashion Large Dial Watches Stainless Steel Quartz Watch Waterproof Chronograph Business Casual Wristwatch,£16.25,5.0,3 reviews,https://www.banggood.com/CRRJU-Mens-Watches-Luxury-Fashion-Large-Dial-Watches-Stainless-Steel-Quartz-Watch-Waterproof-Chronograph-Business-Casual-Wristwatch-p-2023168.html?cur_warehouse=CN&ID=6326832&rmmds=CategoryJewelryPop&trace_id=a5131763849710776,16.25,3,5.0,0.24615384615384617,20.3125,15.0
"Jewelry,Watches & Accessories","https://www.banggood.com/Wholesale-Jewelry,Watches-and-Accessories-ca-8001.html?bid=21071105&from=nav","CRRJU Men Watches Luxury Business Quartz Watch Fashion Waterproof Wristwatch, Ideal choice for Gifts",£11.06,5.0,1 review,"https://www.banggood.com/CRRJU-Men-Watches-Luxury-Business-Quartz-Watch-Fashion-Waterproof-Wristwatch,Ideal-choice-for-Gifts-p-2025011.html?cur_warehouse=CN&ID=6287830&rmmds=CategoryJewelryPop&trace_id=a5131763849710776",11.06,1,5.0,0.3616636528028933,13.825,5.0
"Jewelry,Watches & Accessories","https://www.banggood.com/Wholesale-Jewelry,Watches-and-Accessories-ca-8001.html?bid=21071105&from=nav","CRRJU Mens Chronograph Watch, Stainless Steel Strap Men Watch, Fashion Waterproof Black Wristwatch with a Box Male Ideal Choice for Gifts",£18.57,4.78,9 reviews,"https://www.banggood.com/CRRJU-Mens-Chronograph-Watch,Stainless-Steel-Strap-Men-Watch,Fashion-Waterproof-Black-Wristwatch-with-a-Box-Male-Ideal-Choice-for-Gifts-p-2021754.html?cur_warehouse=CN&ID=6316299&rmmds=CategoryJewelryPop&trace_id=a5131763849710776",18.57,9,4.78,0.20592353257942922,23.2125,43.02
"Jewelry,Watches & Accessories","https://www.banggood.com/Wholesale-Jewelry,Watches-and-Accessories-ca-8001.html?bid=21071105&from=nav",SKMEI Men's Sport Digital Watches Fashion Stopwatch Dual Display Watch 3 Time Countdown Wrist Watch,£13.54,5.0,6 reviews,https://www.banggood.com/SKMEI-Mens-Sport-Digital-Watches-Fashion-Stopwatch-Dual-Display-Watch-3-Time-Countdown-Wrist-Watch-p-2023453.html?cur_warehouse=CN&ID=6287830&rmmds=CategoryJewelryPop&trace_id=a5131763849710776,13.54,6,5.0,0.2954209748892172,16.924999999999997,30.0
"Jewelry,Watches & Accessories","https://www.banggood.com/Wholesale-Jewelry,Watches-and-Accessories-ca-8001.html?bid=21071105&from=nav",NAVIFORCE Men Sport Watch TPU Strap Simple Dial Quartz Wristwatch Waterproof Watch,£14.16,5.0,4 reviews,https://www.banggood.com/NAVIFORCE-Men-Sport-Watch-TPU-Strap-Simple-Dial-Quartz-Wristwatch-Waterproof-Watch-p-2025814.html?cur_warehouse=CN&ID=6287830&rmmds=CategoryJewelryPop&trace_id=a5131763849710776,14.16,4,5.0,0.2824858757062147,17.7,20.0
"Jewelry,Watches & Accessories","https://www.banggood.com/Wholesale-Jewelry,Watches-and-Accessories-ca-8001.html?bid=21071105&from=nav",DT NO.I DT Watch Ultra 1.5inch HD Screen Built-in 4GB Memory 1000+ Songs ChatGPT/Recorder/NFC/Compass bluetooth Call Heart Rate Blood Oxygen Monitor Sleep Monitoring Multi-sport Modes Music Playback IP68 Waterproof Smart Watch,£23.22,4.14,7 reviews,https://www.banggood.com/DT-NO_I-DT-Watch-Ultra-1_5inch-HD-Screen-Built-in-4GB-Memory-1000+-Songs-ChatGPT-or-Recorder-or-NFC-or-Compass-bluetooth-Call-Heart-Rate-Blood-Oxygen-Monitor-Sleep-Monitoring-Multi-sport-Modes-Music-Playback-IP68-Waterproof-Smart-Watch-p-2021843.html?cur_warehouse=CN&ID=6287830&rmmds=CategoryJewelryPop&trace_id=a5131763849710776,23.22,7,4.14,0.14263565891472868,29.025,28.979999999999997
"Jewelry,Watches & Accessories","https://www.banggood.com/Wholesale-Jewelry,Watches-and-Accessories-ca-8001.html?bid=21071105&from=nav",LIGE Men's Luxurious Fashion Quartz Watch Calendar Multifunction Waterproof Watch Chronograph Sport Wristwatch,£18.03,5.0,2 reviews,https://www.banggood.com/LIGE-Mens-Luxurious-Fashion-Quartz-Watch-Calendar-Multifunction-Waterproof-Watch-Chronograph-Sport-Wristwatch-p-2025014.html?cur_warehouse=CN&ID=6326832&rmmds=CategoryJewelryPop&trace_id=a5131763849710776,18.03,2,5.0,0.2218524681087077,22.5375,10.0
"Jewelry,Watches & Accessories","https://www.banggood.com/Wholesale-Jewelry,Watches-and-Accessories-ca-8001.html?bid=21071105&from=nav",Weofly Curve 1.43inch AMOLED Display bluetooth Call Heart Rate Blood Pressure Blood Oxygen Monitor Sleep Monitoring Stress Measurement Female Health Multi-sport Modes Music Playback IP68 Waterproof Smart Watch,£25.54,5.0,2 reviews,https://www.banggood.com/Weofly-Curve-1_43inch-AMOLED-Display-bluetooth-Call-Heart-Rate-Blood-Pressure-Blood-Oxygen-Monitor-Sleep-Monitoring-Stress-Measurement-Female-Health-Multi-sport-Modes-Music-Playback-IP68-Waterproof-Smart-Watch-p-2026269.html?cur_warehouse=CN&ID=6287830&rmmds=CategoryJewelryPop&trace_id=a5131763849710776,25.54,2,5.0,0.15661707126076743,31.925,10.0
"Jewelry,Watches & Accessories","https://www.banggood.com/Wholesale-Jewelry,Watches-and-Accessories-ca-8001.html?bid=21071105&from=nav",CURREN Men Leather Strap Sport Watches Six-hand Chronograph Wristwatch Waterproof Watches Multifunctional Quartz Watch,£16.48,5.0,4 reviews,https://www.banggood.com/CURREN-Men-Leather-Strap-Sport-Watches-Six-hand-Chronograph-Wristwatch-Waterproof-Watches-Multifunctional-Quartz-Watch-p-2023266.html?cur_warehouse=CN&ID=6287830&rmmds=CategoryJewelryPop&trace_id=a5131763849710776,16.48,4,5.0,0.24271844660194172,20.6,20.0
